-- Adminer 4.8.1 MySQL 8.0.26 dump

SET NAMES utf8;
SET time_zone = '+00:00';
SET foreign_key_checks = 0;
SET sql_mode = 'NO_AUTO_VALUE_ON_ZERO';

SET NAMES utf8mb4;

DROP DATABASE IF EXISTS `eukles-test`;
CREATE DATABASE `eukles-test`;
USE `eukles-test`;

DROP TABLE IF EXISTS `clients`;
CREATE TABLE `clients` (
  `id` bigint unsigned NOT NULL AUTO_INCREMENT,
  `name` varchar(255) COLLATE utf8mb4_unicode_ci NOT NULL,
  `created_at` timestamp NULL DEFAULT NULL,
  `updated_at` timestamp NULL DEFAULT NULL,
  PRIMARY KEY (`id`)
) ENGINE=InnoDB DEFAULT CHARSET=utf8mb4 COLLATE=utf8mb4_unicode_ci;

INSERT INTO `clients` (`id`, `name`, `created_at`, `updated_at`) VALUES
(1,	'Beahan LLC',	'2021-10-19 14:32:33',	'2021-10-19 14:32:33'),
(2,	'Tillman-Auer',	'2021-10-19 14:32:34',	'2021-10-19 14:32:34'),
(3,	'Dooley-Jakubowski',	'2021-10-19 14:32:34',	'2021-10-19 14:32:34'),
(4,	'Abshire-Kihn',	'2021-10-19 14:32:34',	'2021-10-19 14:32:34'),
(5,	'Crooks, Medhurst and Jakubowski',	'2021-10-19 14:32:34',	'2021-10-19 14:32:34'),
(6,	'Okuneva, Rath and Reinger',	'2021-10-19 14:32:34',	'2021-10-19 14:32:34'),
(7,	'Reichel-Swift',	'2021-10-19 14:32:34',	'2021-10-19 14:32:34'),
(8,	'Mosciski Inc',	'2021-10-19 14:32:34',	'2021-10-19 14:32:34'),
(9,	'Johns PLC',	'2021-10-19 14:32:34',	'2021-10-19 14:32:34'),
(10,	'Kuhn Ltd',	'2021-10-19 14:32:34',	'2021-10-19 14:32:34'),
(11,	'Dietrich-Kertzmann',	'2021-10-19 14:32:34',	'2021-10-19 14:32:34'),
(12,	'Schoen, Schroeder and Simonis',	'2021-10-19 14:32:34',	'2021-10-19 14:32:34'),
(13,	'Tillman Inc',	'2021-10-19 14:32:34',	'2021-10-19 14:32:34'),
(14,	'Considine-Moore',	'2021-10-19 14:32:34',	'2021-10-19 14:32:34'),
(15,	'Wiegand and Sons',	'2021-10-19 14:32:34',	'2021-10-19 14:32:34'),
(16,	'Sipes, Reinger and Lowe',	'2021-10-19 14:32:34',	'2021-10-19 14:32:34'),
(17,	'Hammes-Huels',	'2021-10-19 14:32:34',	'2021-10-19 14:32:34'),
(18,	'Frami-Streich',	'2021-10-19 14:32:34',	'2021-10-19 14:32:34'),
(19,	'Fay, Stoltenberg and Borer',	'2021-10-19 14:32:34',	'2021-10-19 14:32:34'),
(20,	'Cassin-Heaney',	'2021-10-19 14:32:34',	'2021-10-19 14:32:34'),
(21,	'Christiansen, Weissnat and Doyle',	'2021-10-19 14:32:34',	'2021-10-19 14:32:34'),
(22,	'Lindgren Group',	'2021-10-19 14:32:34',	'2021-10-19 14:32:34'),
(23,	'Stokes Inc',	'2021-10-19 14:32:34',	'2021-10-19 14:32:34'),
(24,	'Vandervort, Lind and Wiza',	'2021-10-19 14:32:34',	'2021-10-19 14:32:34'),
(25,	'Towne, Rohan and Lesch',	'2021-10-19 14:32:34',	'2021-10-19 14:32:34'),
(26,	'Marquardt-Koch',	'2021-10-19 14:32:34',	'2021-10-19 14:32:34'),
(27,	'Hyatt-Hudson',	'2021-10-19 14:32:34',	'2021-10-19 14:32:34'),
(28,	'Crona and Sons',	'2021-10-19 14:32:34',	'2021-10-19 14:32:34'),
(29,	'Mohr PLC',	'2021-10-19 14:32:34',	'2021-10-19 14:32:34'),
(30,	'Baumbach, Thompson and Stanton',	'2021-10-19 14:32:34',	'2021-10-19 14:32:34'),
(31,	'Mosciski LLC',	'2021-10-19 14:32:34',	'2021-10-19 14:32:34'),
(32,	'Will-Grady',	'2021-10-19 14:32:34',	'2021-10-19 14:32:34'),
(33,	'Wilderman-Murphy',	'2021-10-19 14:32:34',	'2021-10-19 14:32:34'),
(34,	'Beahan, Davis and Ziemann',	'2021-10-19 14:32:34',	'2021-10-19 14:32:34'),
(35,	'Rohan-Will',	'2021-10-19 14:32:34',	'2021-10-19 14:32:34'),
(36,	'Altenwerth Inc',	'2021-10-19 14:32:34',	'2021-10-19 14:32:34'),
(37,	'Zboncak-Boyle',	'2021-10-19 14:32:34',	'2021-10-19 14:32:34'),
(38,	'Cole Ltd',	'2021-10-19 14:32:34',	'2021-10-19 14:32:34'),
(39,	'Cummerata LLC',	'2021-10-19 14:32:34',	'2021-10-19 14:32:34'),
(40,	'Schumm Ltd',	'2021-10-19 14:32:34',	'2021-10-19 14:32:34'),
(41,	'Prohaska PLC',	'2021-10-19 14:32:34',	'2021-10-19 14:32:34'),
(42,	'Grant-Adams',	'2021-10-19 14:32:34',	'2021-10-19 14:32:34'),
(43,	'Keeling Ltd',	'2021-10-19 14:32:34',	'2021-10-19 14:32:34'),
(44,	'Pacocha and Sons',	'2021-10-19 14:32:34',	'2021-10-19 14:32:34'),
(45,	'Daniel PLC',	'2021-10-19 14:32:34',	'2021-10-19 14:32:34'),
(46,	'O\'Connell-Daugherty',	'2021-10-19 14:32:34',	'2021-10-19 14:32:34'),
(47,	'Sauer, Stamm and D\'Amore',	'2021-10-19 14:32:34',	'2021-10-19 14:32:34'),
(48,	'Mosciski-Barrows',	'2021-10-19 14:32:35',	'2021-10-19 14:32:35'),
(49,	'Hagenes-Bruen',	'2021-10-19 14:32:35',	'2021-10-19 14:32:35'),
(50,	'Lowe PLC',	'2021-10-19 14:32:35',	'2021-10-19 14:32:35');

DROP TABLE IF EXISTS `failed_jobs`;
CREATE TABLE `failed_jobs` (
  `id` bigint unsigned NOT NULL AUTO_INCREMENT,
  `uuid` varchar(255) COLLATE utf8mb4_unicode_ci NOT NULL,
  `connection` text COLLATE utf8mb4_unicode_ci NOT NULL,
  `queue` text COLLATE utf8mb4_unicode_ci NOT NULL,
  `payload` longtext COLLATE utf8mb4_unicode_ci NOT NULL,
  `exception` longtext COLLATE utf8mb4_unicode_ci NOT NULL,
  `failed_at` timestamp NOT NULL DEFAULT CURRENT_TIMESTAMP,
  PRIMARY KEY (`id`),
  UNIQUE KEY `failed_jobs_uuid_unique` (`uuid`)
) ENGINE=InnoDB DEFAULT CHARSET=utf8mb4 COLLATE=utf8mb4_unicode_ci;


DROP TABLE IF EXISTS `liens`;
CREATE TABLE `liens` (
  `client_id` bigint unsigned NOT NULL,
  `materiel_id` bigint unsigned NOT NULL,
  `is_sold` tinyint(1) NOT NULL DEFAULT '0',
  `created_at` timestamp NULL DEFAULT NULL,
  `updated_at` timestamp NULL DEFAULT NULL,
  KEY `liens_client_id_foreign` (`client_id`),
  KEY `liens_materiel_id_foreign` (`materiel_id`),
  CONSTRAINT `liens_client_id_foreign` FOREIGN KEY (`client_id`) REFERENCES `clients` (`id`),
  CONSTRAINT `liens_materiel_id_foreign` FOREIGN KEY (`materiel_id`) REFERENCES `materiels` (`id`)
) ENGINE=InnoDB DEFAULT CHARSET=utf8mb4 COLLATE=utf8mb4_unicode_ci;

INSERT INTO `liens` (`client_id`, `materiel_id`, `is_sold`, `created_at`, `updated_at`) VALUES
(1,	43,	1,	'2021-10-19 14:32:37',	'2021-10-19 14:32:37'),
(1,	84,	1,	'2021-10-19 14:32:37',	'2021-10-19 14:32:37'),
(1,	86,	0,	'2021-10-19 14:32:37',	'2021-10-19 14:32:37'),
(1,	26,	1,	'2021-10-19 14:32:37',	'2021-10-19 14:32:37'),
(1,	46,	0,	'2021-10-19 14:32:37',	'2021-10-19 14:32:37'),
(1,	75,	0,	'2021-10-19 14:32:37',	'2021-10-19 14:32:37'),
(1,	27,	1,	'2021-10-19 14:32:37',	'2021-10-19 14:32:37'),
(1,	70,	0,	'2021-10-19 14:32:37',	'2021-10-19 14:32:37'),
(1,	31,	1,	'2021-10-19 14:32:37',	'2021-10-19 14:32:37'),
(1,	17,	1,	'2021-10-19 14:32:37',	'2021-10-19 14:32:37'),
(1,	26,	0,	'2021-10-19 14:32:37',	'2021-10-19 14:32:37'),
(1,	49,	0,	'2021-10-19 14:32:37',	'2021-10-19 14:32:37'),
(1,	1,	0,	'2021-10-19 14:32:37',	'2021-10-19 14:32:37'),
(1,	95,	1,	'2021-10-19 14:32:37',	'2021-10-19 14:32:37'),
(1,	37,	0,	'2021-10-19 14:32:37',	'2021-10-19 14:32:37'),
(1,	7,	1,	'2021-10-19 14:32:37',	'2021-10-19 14:32:37'),
(1,	16,	0,	'2021-10-19 14:32:37',	'2021-10-19 14:32:37'),
(1,	87,	0,	'2021-10-19 14:32:37',	'2021-10-19 14:32:37'),
(1,	23,	0,	'2021-10-19 14:32:37',	'2021-10-19 14:32:37'),
(1,	12,	1,	'2021-10-19 14:32:37',	'2021-10-19 14:32:37'),
(1,	16,	0,	'2021-10-19 14:32:37',	'2021-10-19 14:32:37'),
(1,	100,	0,	'2021-10-19 14:32:37',	'2021-10-19 14:32:37'),
(1,	65,	0,	'2021-10-19 14:32:37',	'2021-10-19 14:32:37'),
(1,	68,	0,	'2021-10-19 14:32:37',	'2021-10-19 14:32:37'),
(1,	10,	0,	'2021-10-19 14:32:37',	'2021-10-19 14:32:37'),
(1,	60,	0,	'2021-10-19 14:32:37',	'2021-10-19 14:32:37'),
(1,	90,	0,	'2021-10-19 14:32:37',	'2021-10-19 14:32:37'),
(1,	14,	0,	'2021-10-19 14:32:37',	'2021-10-19 14:32:37'),
(1,	73,	0,	'2021-10-19 14:32:37',	'2021-10-19 14:32:37'),
(1,	24,	0,	'2021-10-19 14:32:37',	'2021-10-19 14:32:37'),
(1,	32,	1,	'2021-10-19 14:32:37',	'2021-10-19 14:32:37'),
(2,	16,	1,	'2021-10-19 14:32:37',	'2021-10-19 14:32:37'),
(2,	45,	0,	'2021-10-19 14:32:37',	'2021-10-19 14:32:37'),
(2,	75,	0,	'2021-10-19 14:32:37',	'2021-10-19 14:32:37'),
(2,	65,	0,	'2021-10-19 14:32:37',	'2021-10-19 14:32:37'),
(2,	40,	1,	'2021-10-19 14:32:37',	'2021-10-19 14:32:37'),
(2,	5,	0,	'2021-10-19 14:32:37',	'2021-10-19 14:32:37'),
(2,	27,	0,	'2021-10-19 14:32:37',	'2021-10-19 14:32:37'),
(2,	9,	1,	'2021-10-19 14:32:37',	'2021-10-19 14:32:37'),
(2,	45,	0,	'2021-10-19 14:32:37',	'2021-10-19 14:32:37'),
(2,	75,	1,	'2021-10-19 14:32:37',	'2021-10-19 14:32:37'),
(2,	74,	1,	'2021-10-19 14:32:37',	'2021-10-19 14:32:37'),
(2,	2,	0,	'2021-10-19 14:32:37',	'2021-10-19 14:32:37'),
(2,	77,	1,	'2021-10-19 14:32:37',	'2021-10-19 14:32:37'),
(2,	99,	1,	'2021-10-19 14:32:37',	'2021-10-19 14:32:37'),
(2,	85,	1,	'2021-10-19 14:32:37',	'2021-10-19 14:32:37'),
(2,	37,	1,	'2021-10-19 14:32:37',	'2021-10-19 14:32:37'),
(2,	67,	1,	'2021-10-19 14:32:37',	'2021-10-19 14:32:37'),
(2,	6,	1,	'2021-10-19 14:32:38',	'2021-10-19 14:32:38'),
(2,	34,	1,	'2021-10-19 14:32:38',	'2021-10-19 14:32:38'),
(2,	73,	1,	'2021-10-19 14:32:38',	'2021-10-19 14:32:38'),
(2,	80,	1,	'2021-10-19 14:32:38',	'2021-10-19 14:32:38'),
(2,	8,	1,	'2021-10-19 14:32:38',	'2021-10-19 14:32:38'),
(2,	57,	0,	'2021-10-19 14:32:38',	'2021-10-19 14:32:38'),
(2,	69,	0,	'2021-10-19 14:32:38',	'2021-10-19 14:32:38'),
(2,	45,	1,	'2021-10-19 14:32:38',	'2021-10-19 14:32:38'),
(3,	5,	1,	'2021-10-19 14:32:38',	'2021-10-19 14:32:38'),
(3,	60,	1,	'2021-10-19 14:32:38',	'2021-10-19 14:32:38'),
(3,	7,	1,	'2021-10-19 14:32:38',	'2021-10-19 14:32:38'),
(3,	85,	0,	'2021-10-19 14:32:38',	'2021-10-19 14:32:38'),
(3,	10,	1,	'2021-10-19 14:32:38',	'2021-10-19 14:32:38'),
(3,	6,	0,	'2021-10-19 14:32:38',	'2021-10-19 14:32:38'),
(3,	91,	1,	'2021-10-19 14:32:38',	'2021-10-19 14:32:38'),
(3,	51,	0,	'2021-10-19 14:32:38',	'2021-10-19 14:32:38'),
(3,	69,	1,	'2021-10-19 14:32:38',	'2021-10-19 14:32:38'),
(3,	57,	1,	'2021-10-19 14:32:38',	'2021-10-19 14:32:38'),
(3,	17,	1,	'2021-10-19 14:32:38',	'2021-10-19 14:32:38'),
(3,	76,	1,	'2021-10-19 14:32:38',	'2021-10-19 14:32:38'),
(3,	58,	1,	'2021-10-19 14:32:38',	'2021-10-19 14:32:38'),
(3,	10,	1,	'2021-10-19 14:32:38',	'2021-10-19 14:32:38'),
(3,	46,	1,	'2021-10-19 14:32:38',	'2021-10-19 14:32:38'),
(3,	96,	1,	'2021-10-19 14:32:38',	'2021-10-19 14:32:38'),
(3,	76,	1,	'2021-10-19 14:32:38',	'2021-10-19 14:32:38'),
(3,	63,	0,	'2021-10-19 14:32:38',	'2021-10-19 14:32:38'),
(3,	70,	1,	'2021-10-19 14:32:38',	'2021-10-19 14:32:38'),
(3,	10,	0,	'2021-10-19 14:32:38',	'2021-10-19 14:32:38'),
(3,	53,	0,	'2021-10-19 14:32:38',	'2021-10-19 14:32:38'),
(3,	35,	0,	'2021-10-19 14:32:38',	'2021-10-19 14:32:38'),
(3,	96,	1,	'2021-10-19 14:32:38',	'2021-10-19 14:32:38'),
(3,	85,	1,	'2021-10-19 14:32:38',	'2021-10-19 14:32:38'),
(3,	36,	0,	'2021-10-19 14:32:38',	'2021-10-19 14:32:38'),
(3,	54,	1,	'2021-10-19 14:32:38',	'2021-10-19 14:32:38'),
(3,	6,	1,	'2021-10-19 14:32:38',	'2021-10-19 14:32:38'),
(3,	85,	0,	'2021-10-19 14:32:38',	'2021-10-19 14:32:38'),
(3,	20,	0,	'2021-10-19 14:32:38',	'2021-10-19 14:32:38'),
(3,	15,	0,	'2021-10-19 14:32:38',	'2021-10-19 14:32:38'),
(3,	64,	1,	'2021-10-19 14:32:38',	'2021-10-19 14:32:38'),
(3,	72,	0,	'2021-10-19 14:32:38',	'2021-10-19 14:32:38'),
(4,	23,	1,	'2021-10-19 14:32:38',	'2021-10-19 14:32:38'),
(4,	74,	0,	'2021-10-19 14:32:38',	'2021-10-19 14:32:38'),
(4,	88,	0,	'2021-10-19 14:32:38',	'2021-10-19 14:32:38'),
(4,	61,	0,	'2021-10-19 14:32:38',	'2021-10-19 14:32:38'),
(4,	26,	0,	'2021-10-19 14:32:38',	'2021-10-19 14:32:38'),
(4,	45,	0,	'2021-10-19 14:32:38',	'2021-10-19 14:32:38'),
(4,	76,	1,	'2021-10-19 14:32:38',	'2021-10-19 14:32:38'),
(4,	13,	0,	'2021-10-19 14:32:39',	'2021-10-19 14:32:39'),
(4,	17,	0,	'2021-10-19 14:32:39',	'2021-10-19 14:32:39'),
(4,	34,	1,	'2021-10-19 14:32:39',	'2021-10-19 14:32:39'),
(4,	63,	1,	'2021-10-19 14:32:39',	'2021-10-19 14:32:39'),
(4,	95,	0,	'2021-10-19 14:32:39',	'2021-10-19 14:32:39'),
(4,	25,	1,	'2021-10-19 14:32:39',	'2021-10-19 14:32:39'),
(4,	84,	0,	'2021-10-19 14:32:39',	'2021-10-19 14:32:39'),
(4,	48,	1,	'2021-10-19 14:32:39',	'2021-10-19 14:32:39'),
(4,	59,	0,	'2021-10-19 14:32:39',	'2021-10-19 14:32:39'),
(4,	23,	0,	'2021-10-19 14:32:39',	'2021-10-19 14:32:39'),
(4,	66,	1,	'2021-10-19 14:32:39',	'2021-10-19 14:32:39'),
(4,	72,	1,	'2021-10-19 14:32:39',	'2021-10-19 14:32:39'),
(4,	67,	0,	'2021-10-19 14:32:39',	'2021-10-19 14:32:39'),
(4,	58,	0,	'2021-10-19 14:32:39',	'2021-10-19 14:32:39'),
(4,	46,	0,	'2021-10-19 14:32:39',	'2021-10-19 14:32:39'),
(4,	50,	1,	'2021-10-19 14:32:39',	'2021-10-19 14:32:39'),
(4,	38,	0,	'2021-10-19 14:32:39',	'2021-10-19 14:32:39'),
(5,	79,	0,	'2021-10-19 14:32:39',	'2021-10-19 14:32:39'),
(5,	41,	0,	'2021-10-19 14:32:39',	'2021-10-19 14:32:39'),
(5,	79,	1,	'2021-10-19 14:32:39',	'2021-10-19 14:32:39'),
(5,	90,	1,	'2021-10-19 14:32:39',	'2021-10-19 14:32:39'),
(5,	14,	1,	'2021-10-19 14:32:39',	'2021-10-19 14:32:39'),
(5,	62,	0,	'2021-10-19 14:32:39',	'2021-10-19 14:32:39'),
(5,	39,	0,	'2021-10-19 14:32:39',	'2021-10-19 14:32:39'),
(5,	49,	0,	'2021-10-19 14:32:39',	'2021-10-19 14:32:39'),
(5,	11,	0,	'2021-10-19 14:32:39',	'2021-10-19 14:32:39'),
(5,	36,	1,	'2021-10-19 14:32:39',	'2021-10-19 14:32:39'),
(5,	92,	1,	'2021-10-19 14:32:39',	'2021-10-19 14:32:39'),
(5,	31,	0,	'2021-10-19 14:32:39',	'2021-10-19 14:32:39'),
(5,	90,	1,	'2021-10-19 14:32:39',	'2021-10-19 14:32:39'),
(5,	66,	1,	'2021-10-19 14:32:39',	'2021-10-19 14:32:39'),
(5,	89,	1,	'2021-10-19 14:32:39',	'2021-10-19 14:32:39'),
(5,	68,	1,	'2021-10-19 14:32:39',	'2021-10-19 14:32:39'),
(5,	63,	0,	'2021-10-19 14:32:39',	'2021-10-19 14:32:39'),
(5,	64,	0,	'2021-10-19 14:32:39',	'2021-10-19 14:32:39'),
(5,	46,	0,	'2021-10-19 14:32:39',	'2021-10-19 14:32:39'),
(5,	31,	0,	'2021-10-19 14:32:39',	'2021-10-19 14:32:39'),
(5,	91,	1,	'2021-10-19 14:32:39',	'2021-10-19 14:32:39'),
(5,	58,	0,	'2021-10-19 14:32:39',	'2021-10-19 14:32:39'),
(5,	14,	0,	'2021-10-19 14:32:39',	'2021-10-19 14:32:39'),
(5,	49,	0,	'2021-10-19 14:32:39',	'2021-10-19 14:32:39'),
(5,	45,	1,	'2021-10-19 14:32:39',	'2021-10-19 14:32:39'),
(5,	17,	0,	'2021-10-19 14:32:39',	'2021-10-19 14:32:39'),
(5,	89,	0,	'2021-10-19 14:32:39',	'2021-10-19 14:32:39'),
(5,	4,	0,	'2021-10-19 14:32:39',	'2021-10-19 14:32:39'),
(5,	27,	1,	'2021-10-19 14:32:39',	'2021-10-19 14:32:39'),
(5,	77,	1,	'2021-10-19 14:32:39',	'2021-10-19 14:32:39'),
(5,	18,	1,	'2021-10-19 14:32:39',	'2021-10-19 14:32:39'),
(6,	42,	0,	'2021-10-19 14:32:39',	'2021-10-19 14:32:39'),
(6,	79,	0,	'2021-10-19 14:32:39',	'2021-10-19 14:32:39'),
(6,	12,	1,	'2021-10-19 14:32:40',	'2021-10-19 14:32:40'),
(6,	100,	0,	'2021-10-19 14:32:40',	'2021-10-19 14:32:40'),
(6,	28,	1,	'2021-10-19 14:32:40',	'2021-10-19 14:32:40'),
(6,	83,	1,	'2021-10-19 14:32:40',	'2021-10-19 14:32:40'),
(6,	95,	0,	'2021-10-19 14:32:40',	'2021-10-19 14:32:40'),
(6,	29,	0,	'2021-10-19 14:32:40',	'2021-10-19 14:32:40'),
(6,	88,	1,	'2021-10-19 14:32:40',	'2021-10-19 14:32:40'),
(6,	33,	1,	'2021-10-19 14:32:40',	'2021-10-19 14:32:40'),
(6,	64,	1,	'2021-10-19 14:32:40',	'2021-10-19 14:32:40'),
(6,	3,	0,	'2021-10-19 14:32:40',	'2021-10-19 14:32:40'),
(6,	36,	1,	'2021-10-19 14:32:40',	'2021-10-19 14:32:40'),
(6,	79,	1,	'2021-10-19 14:32:40',	'2021-10-19 14:32:40'),
(6,	70,	1,	'2021-10-19 14:32:40',	'2021-10-19 14:32:40'),
(6,	97,	1,	'2021-10-19 14:32:40',	'2021-10-19 14:32:40'),
(6,	41,	1,	'2021-10-19 14:32:40',	'2021-10-19 14:32:40'),
(6,	91,	0,	'2021-10-19 14:32:40',	'2021-10-19 14:32:40'),
(6,	72,	0,	'2021-10-19 14:32:40',	'2021-10-19 14:32:40'),
(6,	42,	1,	'2021-10-19 14:32:40',	'2021-10-19 14:32:40'),
(6,	5,	1,	'2021-10-19 14:32:40',	'2021-10-19 14:32:40'),
(6,	84,	0,	'2021-10-19 14:32:40',	'2021-10-19 14:32:40'),
(6,	54,	1,	'2021-10-19 14:32:40',	'2021-10-19 14:32:40'),
(6,	95,	0,	'2021-10-19 14:32:40',	'2021-10-19 14:32:40'),
(6,	21,	1,	'2021-10-19 14:32:40',	'2021-10-19 14:32:40'),
(6,	37,	0,	'2021-10-19 14:32:40',	'2021-10-19 14:32:40'),
(7,	4,	1,	'2021-10-19 14:32:40',	'2021-10-19 14:32:40'),
(7,	37,	1,	'2021-10-19 14:32:40',	'2021-10-19 14:32:40'),
(7,	59,	1,	'2021-10-19 14:32:40',	'2021-10-19 14:32:40'),
(7,	72,	1,	'2021-10-19 14:32:40',	'2021-10-19 14:32:40'),
(7,	65,	0,	'2021-10-19 14:32:40',	'2021-10-19 14:32:40'),
(7,	10,	0,	'2021-10-19 14:32:40',	'2021-10-19 14:32:40'),
(7,	26,	0,	'2021-10-19 14:32:40',	'2021-10-19 14:32:40'),
(7,	60,	1,	'2021-10-19 14:32:40',	'2021-10-19 14:32:40'),
(7,	38,	0,	'2021-10-19 14:32:40',	'2021-10-19 14:32:40'),
(7,	96,	1,	'2021-10-19 14:32:40',	'2021-10-19 14:32:40'),
(7,	67,	1,	'2021-10-19 14:32:40',	'2021-10-19 14:32:40'),
(7,	7,	0,	'2021-10-19 14:32:40',	'2021-10-19 14:32:40'),
(7,	16,	1,	'2021-10-19 14:32:40',	'2021-10-19 14:32:40'),
(7,	5,	1,	'2021-10-19 14:32:40',	'2021-10-19 14:32:40'),
(7,	84,	1,	'2021-10-19 14:32:40',	'2021-10-19 14:32:40'),
(7,	90,	0,	'2021-10-19 14:32:40',	'2021-10-19 14:32:40'),
(7,	34,	1,	'2021-10-19 14:32:40',	'2021-10-19 14:32:40'),
(7,	74,	0,	'2021-10-19 14:32:40',	'2021-10-19 14:32:40'),
(7,	29,	0,	'2021-10-19 14:32:40',	'2021-10-19 14:32:40'),
(7,	87,	1,	'2021-10-19 14:32:40',	'2021-10-19 14:32:40'),
(7,	99,	1,	'2021-10-19 14:32:40',	'2021-10-19 14:32:40'),
(7,	91,	0,	'2021-10-19 14:32:40',	'2021-10-19 14:32:40'),
(7,	8,	0,	'2021-10-19 14:32:40',	'2021-10-19 14:32:40'),
(7,	54,	0,	'2021-10-19 14:32:40',	'2021-10-19 14:32:40'),
(7,	27,	0,	'2021-10-19 14:32:40',	'2021-10-19 14:32:40'),
(7,	34,	1,	'2021-10-19 14:32:40',	'2021-10-19 14:32:40'),
(7,	41,	0,	'2021-10-19 14:32:41',	'2021-10-19 14:32:41'),
(7,	63,	0,	'2021-10-19 14:32:41',	'2021-10-19 14:32:41'),
(7,	11,	1,	'2021-10-19 14:32:41',	'2021-10-19 14:32:41'),
(7,	30,	0,	'2021-10-19 14:32:41',	'2021-10-19 14:32:41'),
(7,	91,	0,	'2021-10-19 14:32:41',	'2021-10-19 14:32:41'),
(7,	22,	1,	'2021-10-19 14:32:41',	'2021-10-19 14:32:41'),
(7,	8,	0,	'2021-10-19 14:32:41',	'2021-10-19 14:32:41'),
(7,	18,	0,	'2021-10-19 14:32:41',	'2021-10-19 14:32:41'),
(8,	23,	0,	'2021-10-19 14:32:41',	'2021-10-19 14:32:41'),
(8,	57,	0,	'2021-10-19 14:32:41',	'2021-10-19 14:32:41'),
(8,	78,	0,	'2021-10-19 14:32:41',	'2021-10-19 14:32:41'),
(8,	6,	0,	'2021-10-19 14:32:41',	'2021-10-19 14:32:41'),
(8,	54,	0,	'2021-10-19 14:32:41',	'2021-10-19 14:32:41'),
(8,	80,	0,	'2021-10-19 14:32:41',	'2021-10-19 14:32:41'),
(8,	93,	0,	'2021-10-19 14:32:41',	'2021-10-19 14:32:41'),
(8,	36,	1,	'2021-10-19 14:32:41',	'2021-10-19 14:32:41'),
(8,	31,	0,	'2021-10-19 14:32:41',	'2021-10-19 14:32:41'),
(8,	23,	1,	'2021-10-19 14:32:41',	'2021-10-19 14:32:41'),
(8,	95,	0,	'2021-10-19 14:32:41',	'2021-10-19 14:32:41'),
(8,	74,	0,	'2021-10-19 14:32:41',	'2021-10-19 14:32:41'),
(8,	8,	1,	'2021-10-19 14:32:41',	'2021-10-19 14:32:41'),
(8,	80,	1,	'2021-10-19 14:32:41',	'2021-10-19 14:32:41'),
(8,	13,	0,	'2021-10-19 14:32:41',	'2021-10-19 14:32:41'),
(8,	82,	0,	'2021-10-19 14:32:41',	'2021-10-19 14:32:41'),
(8,	88,	1,	'2021-10-19 14:32:41',	'2021-10-19 14:32:41'),
(8,	96,	0,	'2021-10-19 14:32:41',	'2021-10-19 14:32:41'),
(8,	12,	0,	'2021-10-19 14:32:41',	'2021-10-19 14:32:41'),
(8,	97,	0,	'2021-10-19 14:32:41',	'2021-10-19 14:32:41'),
(8,	19,	1,	'2021-10-19 14:32:41',	'2021-10-19 14:32:41'),
(8,	70,	0,	'2021-10-19 14:32:41',	'2021-10-19 14:32:41'),
(9,	60,	0,	'2021-10-19 14:32:41',	'2021-10-19 14:32:41'),
(9,	91,	0,	'2021-10-19 14:32:41',	'2021-10-19 14:32:41'),
(9,	78,	0,	'2021-10-19 14:32:41',	'2021-10-19 14:32:41'),
(9,	11,	1,	'2021-10-19 14:32:41',	'2021-10-19 14:32:41'),
(9,	53,	0,	'2021-10-19 14:32:41',	'2021-10-19 14:32:41'),
(9,	83,	1,	'2021-10-19 14:32:41',	'2021-10-19 14:32:41'),
(9,	16,	0,	'2021-10-19 14:32:41',	'2021-10-19 14:32:41'),
(9,	25,	0,	'2021-10-19 14:32:41',	'2021-10-19 14:32:41'),
(9,	36,	0,	'2021-10-19 14:32:41',	'2021-10-19 14:32:41'),
(9,	20,	1,	'2021-10-19 14:32:41',	'2021-10-19 14:32:41'),
(9,	61,	1,	'2021-10-19 14:32:41',	'2021-10-19 14:32:41'),
(9,	72,	1,	'2021-10-19 14:32:41',	'2021-10-19 14:32:41'),
(9,	19,	1,	'2021-10-19 14:32:41',	'2021-10-19 14:32:41'),
(9,	62,	1,	'2021-10-19 14:32:41',	'2021-10-19 14:32:41'),
(9,	48,	0,	'2021-10-19 14:32:41',	'2021-10-19 14:32:41'),
(9,	43,	1,	'2021-10-19 14:32:41',	'2021-10-19 14:32:41'),
(9,	98,	1,	'2021-10-19 14:32:41',	'2021-10-19 14:32:41'),
(9,	2,	0,	'2021-10-19 14:32:41',	'2021-10-19 14:32:41'),
(9,	11,	1,	'2021-10-19 14:32:41',	'2021-10-19 14:32:41'),
(9,	66,	1,	'2021-10-19 14:32:41',	'2021-10-19 14:32:41'),
(9,	55,	1,	'2021-10-19 14:32:41',	'2021-10-19 14:32:41'),
(9,	89,	1,	'2021-10-19 14:32:42',	'2021-10-19 14:32:42'),
(9,	83,	1,	'2021-10-19 14:32:42',	'2021-10-19 14:32:42'),
(9,	42,	0,	'2021-10-19 14:32:42',	'2021-10-19 14:32:42'),
(9,	91,	1,	'2021-10-19 14:32:42',	'2021-10-19 14:32:42'),
(9,	71,	1,	'2021-10-19 14:32:42',	'2021-10-19 14:32:42'),
(9,	14,	1,	'2021-10-19 14:32:42',	'2021-10-19 14:32:42'),
(9,	54,	1,	'2021-10-19 14:32:42',	'2021-10-19 14:32:42'),
(9,	60,	0,	'2021-10-19 14:32:42',	'2021-10-19 14:32:42'),
(9,	79,	0,	'2021-10-19 14:32:42',	'2021-10-19 14:32:42'),
(9,	76,	0,	'2021-10-19 14:32:42',	'2021-10-19 14:32:42'),
(9,	21,	0,	'2021-10-19 14:32:42',	'2021-10-19 14:32:42'),
(9,	32,	1,	'2021-10-19 14:32:42',	'2021-10-19 14:32:42'),
(9,	9,	1,	'2021-10-19 14:32:42',	'2021-10-19 14:32:42'),
(9,	70,	0,	'2021-10-19 14:32:42',	'2021-10-19 14:32:42'),
(10,	4,	1,	'2021-10-19 14:32:42',	'2021-10-19 14:32:42'),
(10,	50,	0,	'2021-10-19 14:32:42',	'2021-10-19 14:32:42'),
(10,	47,	1,	'2021-10-19 14:32:42',	'2021-10-19 14:32:42'),
(10,	69,	1,	'2021-10-19 14:32:42',	'2021-10-19 14:32:42'),
(10,	39,	0,	'2021-10-19 14:32:42',	'2021-10-19 14:32:42'),
(10,	94,	1,	'2021-10-19 14:32:42',	'2021-10-19 14:32:42'),
(10,	19,	0,	'2021-10-19 14:32:42',	'2021-10-19 14:32:42'),
(10,	10,	1,	'2021-10-19 14:32:42',	'2021-10-19 14:32:42'),
(10,	26,	0,	'2021-10-19 14:32:42',	'2021-10-19 14:32:42'),
(10,	5,	0,	'2021-10-19 14:32:42',	'2021-10-19 14:32:42'),
(10,	32,	0,	'2021-10-19 14:32:42',	'2021-10-19 14:32:42'),
(10,	17,	0,	'2021-10-19 14:32:42',	'2021-10-19 14:32:42'),
(10,	97,	1,	'2021-10-19 14:32:42',	'2021-10-19 14:32:42'),
(10,	51,	1,	'2021-10-19 14:32:42',	'2021-10-19 14:32:42'),
(10,	6,	0,	'2021-10-19 14:32:42',	'2021-10-19 14:32:42'),
(10,	79,	1,	'2021-10-19 14:32:42',	'2021-10-19 14:32:42'),
(10,	47,	0,	'2021-10-19 14:32:42',	'2021-10-19 14:32:42'),
(10,	51,	1,	'2021-10-19 14:32:42',	'2021-10-19 14:32:42'),
(10,	91,	1,	'2021-10-19 14:32:42',	'2021-10-19 14:32:42'),
(10,	22,	1,	'2021-10-19 14:32:42',	'2021-10-19 14:32:42'),
(10,	43,	1,	'2021-10-19 14:32:42',	'2021-10-19 14:32:42'),
(10,	93,	1,	'2021-10-19 14:32:42',	'2021-10-19 14:32:42'),
(10,	80,	0,	'2021-10-19 14:32:42',	'2021-10-19 14:32:42'),
(10,	46,	0,	'2021-10-19 14:32:42',	'2021-10-19 14:32:42'),
(10,	67,	0,	'2021-10-19 14:32:42',	'2021-10-19 14:32:42'),
(10,	42,	1,	'2021-10-19 14:32:42',	'2021-10-19 14:32:42'),
(10,	59,	0,	'2021-10-19 14:32:42',	'2021-10-19 14:32:42'),
(10,	5,	1,	'2021-10-19 14:32:42',	'2021-10-19 14:32:42'),
(11,	62,	1,	'2021-10-19 14:32:42',	'2021-10-19 14:32:42'),
(11,	97,	1,	'2021-10-19 14:32:42',	'2021-10-19 14:32:42'),
(11,	94,	0,	'2021-10-19 14:32:42',	'2021-10-19 14:32:42'),
(11,	98,	1,	'2021-10-19 14:32:42',	'2021-10-19 14:32:42'),
(11,	9,	1,	'2021-10-19 14:32:42',	'2021-10-19 14:32:42'),
(11,	22,	1,	'2021-10-19 14:32:42',	'2021-10-19 14:32:42'),
(11,	79,	1,	'2021-10-19 14:32:42',	'2021-10-19 14:32:42'),
(11,	6,	0,	'2021-10-19 14:32:42',	'2021-10-19 14:32:42'),
(11,	18,	1,	'2021-10-19 14:32:43',	'2021-10-19 14:32:43'),
(11,	58,	0,	'2021-10-19 14:32:43',	'2021-10-19 14:32:43'),
(11,	36,	0,	'2021-10-19 14:32:43',	'2021-10-19 14:32:43'),
(11,	22,	1,	'2021-10-19 14:32:43',	'2021-10-19 14:32:43'),
(11,	18,	0,	'2021-10-19 14:32:43',	'2021-10-19 14:32:43'),
(11,	39,	1,	'2021-10-19 14:32:43',	'2021-10-19 14:32:43'),
(11,	77,	0,	'2021-10-19 14:32:43',	'2021-10-19 14:32:43'),
(11,	14,	1,	'2021-10-19 14:32:43',	'2021-10-19 14:32:43'),
(11,	27,	0,	'2021-10-19 14:32:43',	'2021-10-19 14:32:43'),
(11,	33,	1,	'2021-10-19 14:32:43',	'2021-10-19 14:32:43'),
(11,	50,	1,	'2021-10-19 14:32:43',	'2021-10-19 14:32:43'),
(11,	77,	0,	'2021-10-19 14:32:43',	'2021-10-19 14:32:43'),
(11,	100,	1,	'2021-10-19 14:32:43',	'2021-10-19 14:32:43'),
(11,	99,	0,	'2021-10-19 14:32:43',	'2021-10-19 14:32:43'),
(11,	7,	1,	'2021-10-19 14:32:43',	'2021-10-19 14:32:43'),
(11,	26,	1,	'2021-10-19 14:32:43',	'2021-10-19 14:32:43'),
(11,	59,	1,	'2021-10-19 14:32:43',	'2021-10-19 14:32:43'),
(11,	73,	0,	'2021-10-19 14:32:43',	'2021-10-19 14:32:43'),
(11,	32,	1,	'2021-10-19 14:32:43',	'2021-10-19 14:32:43'),
(11,	51,	1,	'2021-10-19 14:32:43',	'2021-10-19 14:32:43'),
(11,	24,	0,	'2021-10-19 14:32:43',	'2021-10-19 14:32:43'),
(11,	43,	1,	'2021-10-19 14:32:43',	'2021-10-19 14:32:43'),
(11,	39,	0,	'2021-10-19 14:32:43',	'2021-10-19 14:32:43'),
(11,	40,	0,	'2021-10-19 14:32:43',	'2021-10-19 14:32:43'),
(11,	68,	1,	'2021-10-19 14:32:43',	'2021-10-19 14:32:43'),
(11,	66,	1,	'2021-10-19 14:32:43',	'2021-10-19 14:32:43'),
(11,	8,	0,	'2021-10-19 14:32:43',	'2021-10-19 14:32:43'),
(11,	44,	0,	'2021-10-19 14:32:43',	'2021-10-19 14:32:43'),
(11,	68,	0,	'2021-10-19 14:32:43',	'2021-10-19 14:32:43'),
(11,	39,	0,	'2021-10-19 14:32:43',	'2021-10-19 14:32:43'),
(11,	86,	1,	'2021-10-19 14:32:44',	'2021-10-19 14:32:44'),
(11,	18,	1,	'2021-10-19 14:32:44',	'2021-10-19 14:32:44'),
(11,	4,	1,	'2021-10-19 14:32:44',	'2021-10-19 14:32:44'),
(11,	92,	1,	'2021-10-19 14:32:44',	'2021-10-19 14:32:44'),
(11,	78,	0,	'2021-10-19 14:32:44',	'2021-10-19 14:32:44'),
(11,	91,	0,	'2021-10-19 14:32:44',	'2021-10-19 14:32:44'),
(12,	92,	0,	'2021-10-19 14:32:44',	'2021-10-19 14:32:44'),
(12,	95,	0,	'2021-10-19 14:32:44',	'2021-10-19 14:32:44'),
(12,	80,	0,	'2021-10-19 14:32:44',	'2021-10-19 14:32:44'),
(12,	14,	0,	'2021-10-19 14:32:44',	'2021-10-19 14:32:44'),
(12,	81,	0,	'2021-10-19 14:32:44',	'2021-10-19 14:32:44'),
(12,	28,	0,	'2021-10-19 14:32:44',	'2021-10-19 14:32:44'),
(12,	8,	0,	'2021-10-19 14:32:44',	'2021-10-19 14:32:44'),
(12,	88,	1,	'2021-10-19 14:32:44',	'2021-10-19 14:32:44'),
(12,	36,	0,	'2021-10-19 14:32:44',	'2021-10-19 14:32:44'),
(12,	84,	0,	'2021-10-19 14:32:44',	'2021-10-19 14:32:44'),
(12,	70,	1,	'2021-10-19 14:32:44',	'2021-10-19 14:32:44'),
(12,	20,	0,	'2021-10-19 14:32:44',	'2021-10-19 14:32:44'),
(12,	96,	0,	'2021-10-19 14:32:44',	'2021-10-19 14:32:44'),
(12,	97,	0,	'2021-10-19 14:32:44',	'2021-10-19 14:32:44'),
(12,	25,	0,	'2021-10-19 14:32:44',	'2021-10-19 14:32:44'),
(12,	91,	1,	'2021-10-19 14:32:44',	'2021-10-19 14:32:44'),
(12,	23,	0,	'2021-10-19 14:32:44',	'2021-10-19 14:32:44'),
(12,	8,	0,	'2021-10-19 14:32:44',	'2021-10-19 14:32:44'),
(12,	19,	0,	'2021-10-19 14:32:44',	'2021-10-19 14:32:44'),
(12,	98,	1,	'2021-10-19 14:32:44',	'2021-10-19 14:32:44'),
(12,	88,	0,	'2021-10-19 14:32:44',	'2021-10-19 14:32:44'),
(12,	16,	0,	'2021-10-19 14:32:44',	'2021-10-19 14:32:44'),
(12,	74,	0,	'2021-10-19 14:32:44',	'2021-10-19 14:32:44'),
(12,	35,	0,	'2021-10-19 14:32:44',	'2021-10-19 14:32:44'),
(12,	80,	1,	'2021-10-19 14:32:44',	'2021-10-19 14:32:44'),
(12,	13,	0,	'2021-10-19 14:32:44',	'2021-10-19 14:32:44'),
(12,	17,	0,	'2021-10-19 14:32:44',	'2021-10-19 14:32:44'),
(13,	72,	1,	'2021-10-19 14:32:44',	'2021-10-19 14:32:44'),
(13,	4,	0,	'2021-10-19 14:32:44',	'2021-10-19 14:32:44'),
(13,	96,	0,	'2021-10-19 14:32:44',	'2021-10-19 14:32:44'),
(13,	48,	1,	'2021-10-19 14:32:44',	'2021-10-19 14:32:44'),
(13,	21,	0,	'2021-10-19 14:32:44',	'2021-10-19 14:32:44'),
(13,	97,	1,	'2021-10-19 14:32:44',	'2021-10-19 14:32:44'),
(13,	41,	1,	'2021-10-19 14:32:44',	'2021-10-19 14:32:44'),
(13,	37,	1,	'2021-10-19 14:32:44',	'2021-10-19 14:32:44'),
(13,	35,	0,	'2021-10-19 14:32:44',	'2021-10-19 14:32:44'),
(13,	21,	0,	'2021-10-19 14:32:45',	'2021-10-19 14:32:45'),
(13,	90,	0,	'2021-10-19 14:32:45',	'2021-10-19 14:32:45'),
(13,	98,	0,	'2021-10-19 14:32:45',	'2021-10-19 14:32:45'),
(13,	83,	0,	'2021-10-19 14:32:45',	'2021-10-19 14:32:45'),
(13,	60,	1,	'2021-10-19 14:32:45',	'2021-10-19 14:32:45'),
(13,	80,	0,	'2021-10-19 14:32:45',	'2021-10-19 14:32:45'),
(13,	38,	0,	'2021-10-19 14:32:45',	'2021-10-19 14:32:45'),
(13,	21,	0,	'2021-10-19 14:32:45',	'2021-10-19 14:32:45'),
(13,	53,	1,	'2021-10-19 14:32:45',	'2021-10-19 14:32:45'),
(13,	7,	0,	'2021-10-19 14:32:45',	'2021-10-19 14:32:45'),
(13,	24,	1,	'2021-10-19 14:32:45',	'2021-10-19 14:32:45'),
(13,	72,	0,	'2021-10-19 14:32:45',	'2021-10-19 14:32:45'),
(13,	87,	1,	'2021-10-19 14:32:45',	'2021-10-19 14:32:45'),
(13,	15,	0,	'2021-10-19 14:32:45',	'2021-10-19 14:32:45'),
(13,	62,	0,	'2021-10-19 14:32:45',	'2021-10-19 14:32:45'),
(13,	29,	1,	'2021-10-19 14:32:45',	'2021-10-19 14:32:45'),
(13,	13,	0,	'2021-10-19 14:32:45',	'2021-10-19 14:32:45'),
(13,	60,	0,	'2021-10-19 14:32:45',	'2021-10-19 14:32:45'),
(13,	6,	1,	'2021-10-19 14:32:45',	'2021-10-19 14:32:45'),
(13,	74,	0,	'2021-10-19 14:32:45',	'2021-10-19 14:32:45'),
(13,	36,	0,	'2021-10-19 14:32:45',	'2021-10-19 14:32:45'),
(13,	73,	1,	'2021-10-19 14:32:45',	'2021-10-19 14:32:45'),
(13,	53,	1,	'2021-10-19 14:32:45',	'2021-10-19 14:32:45'),
(13,	70,	0,	'2021-10-19 14:32:45',	'2021-10-19 14:32:45'),
(13,	63,	1,	'2021-10-19 14:32:45',	'2021-10-19 14:32:45'),
(13,	40,	0,	'2021-10-19 14:32:45',	'2021-10-19 14:32:45'),
(13,	11,	1,	'2021-10-19 14:32:45',	'2021-10-19 14:32:45'),
(13,	73,	0,	'2021-10-19 14:32:45',	'2021-10-19 14:32:45'),
(13,	24,	1,	'2021-10-19 14:32:45',	'2021-10-19 14:32:45'),
(13,	70,	1,	'2021-10-19 14:32:45',	'2021-10-19 14:32:45'),
(13,	40,	1,	'2021-10-19 14:32:45',	'2021-10-19 14:32:45'),
(13,	85,	1,	'2021-10-19 14:32:45',	'2021-10-19 14:32:45'),
(13,	59,	1,	'2021-10-19 14:32:45',	'2021-10-19 14:32:45'),
(13,	17,	0,	'2021-10-19 14:32:45',	'2021-10-19 14:32:45'),
(14,	10,	0,	'2021-10-19 14:32:45',	'2021-10-19 14:32:45'),
(14,	95,	1,	'2021-10-19 14:32:45',	'2021-10-19 14:32:45'),
(14,	53,	1,	'2021-10-19 14:32:45',	'2021-10-19 14:32:45'),
(14,	30,	1,	'2021-10-19 14:32:45',	'2021-10-19 14:32:45'),
(14,	14,	0,	'2021-10-19 14:32:45',	'2021-10-19 14:32:45'),
(14,	46,	1,	'2021-10-19 14:32:45',	'2021-10-19 14:32:45'),
(14,	68,	0,	'2021-10-19 14:32:45',	'2021-10-19 14:32:45'),
(14,	43,	0,	'2021-10-19 14:32:45',	'2021-10-19 14:32:45'),
(14,	85,	0,	'2021-10-19 14:32:45',	'2021-10-19 14:32:45'),
(14,	73,	0,	'2021-10-19 14:32:45',	'2021-10-19 14:32:45'),
(14,	78,	0,	'2021-10-19 14:32:45',	'2021-10-19 14:32:45'),
(14,	38,	0,	'2021-10-19 14:32:45',	'2021-10-19 14:32:45'),
(14,	62,	0,	'2021-10-19 14:32:45',	'2021-10-19 14:32:45'),
(14,	67,	0,	'2021-10-19 14:32:45',	'2021-10-19 14:32:45'),
(14,	58,	0,	'2021-10-19 14:32:45',	'2021-10-19 14:32:45'),
(14,	87,	1,	'2021-10-19 14:32:45',	'2021-10-19 14:32:45'),
(14,	100,	0,	'2021-10-19 14:32:45',	'2021-10-19 14:32:45'),
(14,	93,	1,	'2021-10-19 14:32:45',	'2021-10-19 14:32:45'),
(14,	68,	0,	'2021-10-19 14:32:46',	'2021-10-19 14:32:46'),
(14,	39,	1,	'2021-10-19 14:32:46',	'2021-10-19 14:32:46'),
(14,	55,	0,	'2021-10-19 14:32:46',	'2021-10-19 14:32:46'),
(14,	74,	0,	'2021-10-19 14:32:46',	'2021-10-19 14:32:46'),
(14,	28,	1,	'2021-10-19 14:32:46',	'2021-10-19 14:32:46'),
(14,	3,	0,	'2021-10-19 14:32:46',	'2021-10-19 14:32:46'),
(14,	51,	0,	'2021-10-19 14:32:46',	'2021-10-19 14:32:46'),
(14,	81,	0,	'2021-10-19 14:32:46',	'2021-10-19 14:32:46'),
(14,	14,	0,	'2021-10-19 14:32:46',	'2021-10-19 14:32:46'),
(14,	40,	0,	'2021-10-19 14:32:46',	'2021-10-19 14:32:46'),
(14,	37,	0,	'2021-10-19 14:32:46',	'2021-10-19 14:32:46'),
(14,	65,	0,	'2021-10-19 14:32:46',	'2021-10-19 14:32:46'),
(14,	63,	0,	'2021-10-19 14:32:46',	'2021-10-19 14:32:46'),
(14,	78,	0,	'2021-10-19 14:32:46',	'2021-10-19 14:32:46'),
(14,	89,	1,	'2021-10-19 14:32:46',	'2021-10-19 14:32:46'),
(15,	89,	1,	'2021-10-19 14:32:46',	'2021-10-19 14:32:46'),
(15,	8,	1,	'2021-10-19 14:32:46',	'2021-10-19 14:32:46'),
(15,	86,	0,	'2021-10-19 14:32:46',	'2021-10-19 14:32:46'),
(15,	91,	0,	'2021-10-19 14:32:46',	'2021-10-19 14:32:46'),
(15,	36,	1,	'2021-10-19 14:32:46',	'2021-10-19 14:32:46'),
(15,	99,	0,	'2021-10-19 14:32:46',	'2021-10-19 14:32:46'),
(15,	73,	1,	'2021-10-19 14:32:46',	'2021-10-19 14:32:46'),
(15,	12,	1,	'2021-10-19 14:32:46',	'2021-10-19 14:32:46'),
(15,	89,	1,	'2021-10-19 14:32:46',	'2021-10-19 14:32:46'),
(15,	65,	0,	'2021-10-19 14:32:46',	'2021-10-19 14:32:46'),
(15,	82,	1,	'2021-10-19 14:32:46',	'2021-10-19 14:32:46'),
(15,	89,	0,	'2021-10-19 14:32:46',	'2021-10-19 14:32:46'),
(15,	38,	0,	'2021-10-19 14:32:46',	'2021-10-19 14:32:46'),
(15,	22,	1,	'2021-10-19 14:32:46',	'2021-10-19 14:32:46'),
(15,	3,	0,	'2021-10-19 14:32:46',	'2021-10-19 14:32:46'),
(15,	48,	0,	'2021-10-19 14:32:46',	'2021-10-19 14:32:46'),
(15,	71,	0,	'2021-10-19 14:32:46',	'2021-10-19 14:32:46'),
(15,	95,	1,	'2021-10-19 14:32:46',	'2021-10-19 14:32:46'),
(15,	34,	0,	'2021-10-19 14:32:46',	'2021-10-19 14:32:46'),
(15,	17,	0,	'2021-10-19 14:32:46',	'2021-10-19 14:32:46'),
(15,	73,	1,	'2021-10-19 14:32:46',	'2021-10-19 14:32:46'),
(15,	20,	0,	'2021-10-19 14:32:46',	'2021-10-19 14:32:46'),
(15,	62,	0,	'2021-10-19 14:32:46',	'2021-10-19 14:32:46'),
(15,	10,	1,	'2021-10-19 14:32:46',	'2021-10-19 14:32:46'),
(15,	88,	1,	'2021-10-19 14:32:46',	'2021-10-19 14:32:46'),
(15,	2,	0,	'2021-10-19 14:32:46',	'2021-10-19 14:32:46'),
(15,	37,	0,	'2021-10-19 14:32:46',	'2021-10-19 14:32:46'),
(15,	54,	1,	'2021-10-19 14:32:46',	'2021-10-19 14:32:46'),
(15,	2,	1,	'2021-10-19 14:32:46',	'2021-10-19 14:32:46'),
(15,	33,	1,	'2021-10-19 14:32:46',	'2021-10-19 14:32:46'),
(15,	51,	0,	'2021-10-19 14:32:46',	'2021-10-19 14:32:46'),
(15,	76,	1,	'2021-10-19 14:32:46',	'2021-10-19 14:32:46'),
(15,	62,	1,	'2021-10-19 14:32:46',	'2021-10-19 14:32:46'),
(15,	14,	0,	'2021-10-19 14:32:46',	'2021-10-19 14:32:46'),
(16,	74,	0,	'2021-10-19 14:32:47',	'2021-10-19 14:32:47'),
(16,	80,	0,	'2021-10-19 14:32:47',	'2021-10-19 14:32:47'),
(16,	25,	1,	'2021-10-19 14:32:47',	'2021-10-19 14:32:47'),
(16,	8,	1,	'2021-10-19 14:32:47',	'2021-10-19 14:32:47'),
(16,	99,	0,	'2021-10-19 14:32:47',	'2021-10-19 14:32:47'),
(16,	39,	0,	'2021-10-19 14:32:47',	'2021-10-19 14:32:47'),
(16,	29,	1,	'2021-10-19 14:32:47',	'2021-10-19 14:32:47'),
(16,	41,	1,	'2021-10-19 14:32:47',	'2021-10-19 14:32:47'),
(16,	63,	0,	'2021-10-19 14:32:47',	'2021-10-19 14:32:47'),
(16,	32,	1,	'2021-10-19 14:32:47',	'2021-10-19 14:32:47'),
(16,	96,	1,	'2021-10-19 14:32:47',	'2021-10-19 14:32:47'),
(16,	71,	1,	'2021-10-19 14:32:47',	'2021-10-19 14:32:47'),
(16,	68,	1,	'2021-10-19 14:32:47',	'2021-10-19 14:32:47'),
(16,	65,	1,	'2021-10-19 14:32:47',	'2021-10-19 14:32:47'),
(16,	3,	1,	'2021-10-19 14:32:47',	'2021-10-19 14:32:47'),
(16,	67,	0,	'2021-10-19 14:32:47',	'2021-10-19 14:32:47'),
(16,	67,	1,	'2021-10-19 14:32:47',	'2021-10-19 14:32:47'),
(16,	94,	0,	'2021-10-19 14:32:47',	'2021-10-19 14:32:47'),
(16,	84,	1,	'2021-10-19 14:32:47',	'2021-10-19 14:32:47'),
(16,	8,	0,	'2021-10-19 14:32:47',	'2021-10-19 14:32:47'),
(16,	39,	0,	'2021-10-19 14:32:47',	'2021-10-19 14:32:47'),
(16,	44,	0,	'2021-10-19 14:32:47',	'2021-10-19 14:32:47'),
(16,	15,	0,	'2021-10-19 14:32:47',	'2021-10-19 14:32:47'),
(16,	13,	1,	'2021-10-19 14:32:47',	'2021-10-19 14:32:47'),
(16,	77,	1,	'2021-10-19 14:32:47',	'2021-10-19 14:32:47'),
(16,	72,	0,	'2021-10-19 14:32:47',	'2021-10-19 14:32:47'),
(17,	74,	1,	'2021-10-19 14:32:47',	'2021-10-19 14:32:47'),
(17,	9,	1,	'2021-10-19 14:32:47',	'2021-10-19 14:32:47'),
(17,	29,	1,	'2021-10-19 14:32:47',	'2021-10-19 14:32:47'),
(17,	98,	0,	'2021-10-19 14:32:47',	'2021-10-19 14:32:47'),
(17,	40,	0,	'2021-10-19 14:32:47',	'2021-10-19 14:32:47'),
(17,	17,	0,	'2021-10-19 14:32:47',	'2021-10-19 14:32:47'),
(17,	83,	1,	'2021-10-19 14:32:47',	'2021-10-19 14:32:47'),
(17,	69,	1,	'2021-10-19 14:32:47',	'2021-10-19 14:32:47'),
(17,	19,	0,	'2021-10-19 14:32:47',	'2021-10-19 14:32:47'),
(17,	39,	1,	'2021-10-19 14:32:47',	'2021-10-19 14:32:47'),
(17,	20,	1,	'2021-10-19 14:32:47',	'2021-10-19 14:32:47'),
(17,	42,	1,	'2021-10-19 14:32:47',	'2021-10-19 14:32:47'),
(17,	84,	0,	'2021-10-19 14:32:47',	'2021-10-19 14:32:47'),
(17,	78,	0,	'2021-10-19 14:32:47',	'2021-10-19 14:32:47'),
(17,	10,	1,	'2021-10-19 14:32:47',	'2021-10-19 14:32:47'),
(17,	35,	0,	'2021-10-19 14:32:47',	'2021-10-19 14:32:47'),
(17,	67,	1,	'2021-10-19 14:32:47',	'2021-10-19 14:32:47'),
(17,	79,	0,	'2021-10-19 14:32:47',	'2021-10-19 14:32:47'),
(17,	73,	1,	'2021-10-19 14:32:47',	'2021-10-19 14:32:47'),
(17,	33,	1,	'2021-10-19 14:32:47',	'2021-10-19 14:32:47'),
(17,	56,	1,	'2021-10-19 14:32:47',	'2021-10-19 14:32:47'),
(17,	71,	1,	'2021-10-19 14:32:47',	'2021-10-19 14:32:47'),
(17,	31,	1,	'2021-10-19 14:32:48',	'2021-10-19 14:32:48'),
(17,	98,	0,	'2021-10-19 14:32:48',	'2021-10-19 14:32:48'),
(17,	70,	1,	'2021-10-19 14:32:48',	'2021-10-19 14:32:48'),
(17,	74,	0,	'2021-10-19 14:32:48',	'2021-10-19 14:32:48'),
(17,	79,	0,	'2021-10-19 14:32:48',	'2021-10-19 14:32:48'),
(17,	49,	1,	'2021-10-19 14:32:48',	'2021-10-19 14:32:48'),
(17,	49,	0,	'2021-10-19 14:32:48',	'2021-10-19 14:32:48'),
(17,	3,	0,	'2021-10-19 14:32:48',	'2021-10-19 14:32:48'),
(17,	34,	1,	'2021-10-19 14:32:48',	'2021-10-19 14:32:48'),
(17,	14,	1,	'2021-10-19 14:32:48',	'2021-10-19 14:32:48'),
(17,	84,	0,	'2021-10-19 14:32:48',	'2021-10-19 14:32:48'),
(18,	77,	1,	'2021-10-19 14:32:48',	'2021-10-19 14:32:48'),
(18,	9,	1,	'2021-10-19 14:32:48',	'2021-10-19 14:32:48'),
(18,	74,	0,	'2021-10-19 14:32:48',	'2021-10-19 14:32:48'),
(18,	22,	0,	'2021-10-19 14:32:48',	'2021-10-19 14:32:48'),
(18,	56,	0,	'2021-10-19 14:32:48',	'2021-10-19 14:32:48'),
(18,	86,	0,	'2021-10-19 14:32:48',	'2021-10-19 14:32:48'),
(18,	3,	0,	'2021-10-19 14:32:48',	'2021-10-19 14:32:48'),
(18,	18,	1,	'2021-10-19 14:32:48',	'2021-10-19 14:32:48'),
(18,	51,	1,	'2021-10-19 14:32:48',	'2021-10-19 14:32:48'),
(18,	62,	0,	'2021-10-19 14:32:48',	'2021-10-19 14:32:48'),
(18,	35,	0,	'2021-10-19 14:32:48',	'2021-10-19 14:32:48'),
(18,	16,	1,	'2021-10-19 14:32:48',	'2021-10-19 14:32:48'),
(18,	3,	0,	'2021-10-19 14:32:48',	'2021-10-19 14:32:48'),
(18,	56,	1,	'2021-10-19 14:32:48',	'2021-10-19 14:32:48'),
(18,	28,	0,	'2021-10-19 14:32:48',	'2021-10-19 14:32:48'),
(18,	84,	0,	'2021-10-19 14:32:48',	'2021-10-19 14:32:48'),
(18,	16,	1,	'2021-10-19 14:32:48',	'2021-10-19 14:32:48'),
(18,	19,	0,	'2021-10-19 14:32:48',	'2021-10-19 14:32:48'),
(18,	96,	0,	'2021-10-19 14:32:48',	'2021-10-19 14:32:48'),
(18,	43,	0,	'2021-10-19 14:32:48',	'2021-10-19 14:32:48'),
(18,	94,	0,	'2021-10-19 14:32:48',	'2021-10-19 14:32:48'),
(18,	87,	1,	'2021-10-19 14:32:48',	'2021-10-19 14:32:48'),
(18,	19,	1,	'2021-10-19 14:32:48',	'2021-10-19 14:32:48'),
(18,	48,	0,	'2021-10-19 14:32:48',	'2021-10-19 14:32:48'),
(18,	92,	0,	'2021-10-19 14:32:48',	'2021-10-19 14:32:48'),
(18,	59,	1,	'2021-10-19 14:32:48',	'2021-10-19 14:32:48'),
(18,	1,	0,	'2021-10-19 14:32:48',	'2021-10-19 14:32:48'),
(18,	55,	0,	'2021-10-19 14:32:48',	'2021-10-19 14:32:48'),
(18,	13,	0,	'2021-10-19 14:32:48',	'2021-10-19 14:32:48'),
(18,	15,	1,	'2021-10-19 14:32:48',	'2021-10-19 14:32:48'),
(18,	11,	0,	'2021-10-19 14:32:48',	'2021-10-19 14:32:48'),
(18,	84,	0,	'2021-10-19 14:32:48',	'2021-10-19 14:32:48'),
(18,	46,	1,	'2021-10-19 14:32:48',	'2021-10-19 14:32:48'),
(18,	18,	1,	'2021-10-19 14:32:48',	'2021-10-19 14:32:48'),
(18,	43,	0,	'2021-10-19 14:32:48',	'2021-10-19 14:32:48'),
(18,	53,	1,	'2021-10-19 14:32:48',	'2021-10-19 14:32:48'),
(19,	4,	1,	'2021-10-19 14:32:48',	'2021-10-19 14:32:48'),
(19,	8,	1,	'2021-10-19 14:32:48',	'2021-10-19 14:32:48'),
(19,	27,	0,	'2021-10-19 14:32:48',	'2021-10-19 14:32:48'),
(19,	46,	0,	'2021-10-19 14:32:48',	'2021-10-19 14:32:48'),
(19,	27,	0,	'2021-10-19 14:32:49',	'2021-10-19 14:32:49'),
(19,	31,	1,	'2021-10-19 14:32:49',	'2021-10-19 14:32:49'),
(19,	66,	1,	'2021-10-19 14:32:49',	'2021-10-19 14:32:49'),
(19,	17,	1,	'2021-10-19 14:32:49',	'2021-10-19 14:32:49'),
(19,	14,	0,	'2021-10-19 14:32:49',	'2021-10-19 14:32:49'),
(19,	86,	1,	'2021-10-19 14:32:49',	'2021-10-19 14:32:49'),
(19,	32,	0,	'2021-10-19 14:32:49',	'2021-10-19 14:32:49'),
(19,	93,	1,	'2021-10-19 14:32:49',	'2021-10-19 14:32:49'),
(19,	95,	0,	'2021-10-19 14:32:49',	'2021-10-19 14:32:49'),
(19,	74,	0,	'2021-10-19 14:32:49',	'2021-10-19 14:32:49'),
(19,	33,	1,	'2021-10-19 14:32:49',	'2021-10-19 14:32:49'),
(19,	41,	0,	'2021-10-19 14:32:49',	'2021-10-19 14:32:49'),
(19,	43,	1,	'2021-10-19 14:32:49',	'2021-10-19 14:32:49'),
(19,	55,	1,	'2021-10-19 14:32:49',	'2021-10-19 14:32:49'),
(19,	41,	0,	'2021-10-19 14:32:49',	'2021-10-19 14:32:49'),
(19,	66,	0,	'2021-10-19 14:32:49',	'2021-10-19 14:32:49'),
(19,	77,	0,	'2021-10-19 14:32:49',	'2021-10-19 14:32:49'),
(19,	97,	1,	'2021-10-19 14:32:49',	'2021-10-19 14:32:49'),
(19,	98,	0,	'2021-10-19 14:32:49',	'2021-10-19 14:32:49'),
(19,	30,	1,	'2021-10-19 14:32:49',	'2021-10-19 14:32:49'),
(19,	7,	0,	'2021-10-19 14:32:49',	'2021-10-19 14:32:49'),
(19,	35,	0,	'2021-10-19 14:32:49',	'2021-10-19 14:32:49'),
(19,	66,	0,	'2021-10-19 14:32:49',	'2021-10-19 14:32:49'),
(19,	66,	1,	'2021-10-19 14:32:49',	'2021-10-19 14:32:49'),
(19,	50,	0,	'2021-10-19 14:32:49',	'2021-10-19 14:32:49'),
(19,	4,	0,	'2021-10-19 14:32:49',	'2021-10-19 14:32:49'),
(19,	59,	1,	'2021-10-19 14:32:49',	'2021-10-19 14:32:49'),
(19,	3,	1,	'2021-10-19 14:32:49',	'2021-10-19 14:32:49'),
(19,	50,	0,	'2021-10-19 14:32:49',	'2021-10-19 14:32:49'),
(20,	20,	1,	'2021-10-19 14:32:49',	'2021-10-19 14:32:49'),
(20,	16,	1,	'2021-10-19 14:32:49',	'2021-10-19 14:32:49'),
(20,	95,	1,	'2021-10-19 14:32:49',	'2021-10-19 14:32:49'),
(20,	10,	0,	'2021-10-19 14:32:49',	'2021-10-19 14:32:49'),
(20,	78,	1,	'2021-10-19 14:32:49',	'2021-10-19 14:32:49'),
(20,	20,	0,	'2021-10-19 14:32:49',	'2021-10-19 14:32:49'),
(20,	75,	1,	'2021-10-19 14:32:49',	'2021-10-19 14:32:49'),
(20,	61,	1,	'2021-10-19 14:32:49',	'2021-10-19 14:32:49'),
(20,	53,	1,	'2021-10-19 14:32:49',	'2021-10-19 14:32:49'),
(20,	13,	0,	'2021-10-19 14:32:49',	'2021-10-19 14:32:49'),
(20,	63,	1,	'2021-10-19 14:32:49',	'2021-10-19 14:32:49'),
(20,	89,	0,	'2021-10-19 14:32:49',	'2021-10-19 14:32:49'),
(20,	90,	0,	'2021-10-19 14:32:49',	'2021-10-19 14:32:49'),
(20,	63,	1,	'2021-10-19 14:32:49',	'2021-10-19 14:32:49'),
(20,	15,	1,	'2021-10-19 14:32:49',	'2021-10-19 14:32:49'),
(20,	4,	0,	'2021-10-19 14:32:49',	'2021-10-19 14:32:49'),
(20,	1,	1,	'2021-10-19 14:32:49',	'2021-10-19 14:32:49'),
(20,	45,	0,	'2021-10-19 14:32:49',	'2021-10-19 14:32:49'),
(20,	20,	0,	'2021-10-19 14:32:49',	'2021-10-19 14:32:49'),
(20,	61,	1,	'2021-10-19 14:32:49',	'2021-10-19 14:32:49'),
(20,	57,	0,	'2021-10-19 14:32:49',	'2021-10-19 14:32:49'),
(20,	21,	1,	'2021-10-19 14:32:50',	'2021-10-19 14:32:50'),
(20,	91,	0,	'2021-10-19 14:32:50',	'2021-10-19 14:32:50'),
(20,	38,	0,	'2021-10-19 14:32:50',	'2021-10-19 14:32:50'),
(20,	53,	0,	'2021-10-19 14:32:50',	'2021-10-19 14:32:50'),
(20,	76,	0,	'2021-10-19 14:32:50',	'2021-10-19 14:32:50'),
(20,	48,	1,	'2021-10-19 14:32:50',	'2021-10-19 14:32:50'),
(21,	3,	0,	'2021-10-19 14:32:50',	'2021-10-19 14:32:50'),
(21,	60,	0,	'2021-10-19 14:32:50',	'2021-10-19 14:32:50'),
(21,	13,	0,	'2021-10-19 14:32:50',	'2021-10-19 14:32:50'),
(21,	26,	0,	'2021-10-19 14:32:50',	'2021-10-19 14:32:50'),
(21,	50,	0,	'2021-10-19 14:32:50',	'2021-10-19 14:32:50'),
(21,	38,	0,	'2021-10-19 14:32:50',	'2021-10-19 14:32:50'),
(21,	45,	0,	'2021-10-19 14:32:50',	'2021-10-19 14:32:50'),
(21,	57,	0,	'2021-10-19 14:32:50',	'2021-10-19 14:32:50'),
(21,	47,	0,	'2021-10-19 14:32:50',	'2021-10-19 14:32:50'),
(21,	11,	1,	'2021-10-19 14:32:50',	'2021-10-19 14:32:50'),
(21,	50,	1,	'2021-10-19 14:32:50',	'2021-10-19 14:32:50'),
(21,	5,	1,	'2021-10-19 14:32:50',	'2021-10-19 14:32:50'),
(21,	37,	1,	'2021-10-19 14:32:50',	'2021-10-19 14:32:50'),
(21,	65,	0,	'2021-10-19 14:32:50',	'2021-10-19 14:32:50'),
(21,	86,	0,	'2021-10-19 14:32:50',	'2021-10-19 14:32:50'),
(21,	62,	1,	'2021-10-19 14:32:50',	'2021-10-19 14:32:50'),
(21,	39,	1,	'2021-10-19 14:32:50',	'2021-10-19 14:32:50'),
(21,	31,	0,	'2021-10-19 14:32:50',	'2021-10-19 14:32:50'),
(21,	46,	1,	'2021-10-19 14:32:50',	'2021-10-19 14:32:50'),
(21,	20,	0,	'2021-10-19 14:32:50',	'2021-10-19 14:32:50'),
(21,	98,	0,	'2021-10-19 14:32:50',	'2021-10-19 14:32:50'),
(21,	26,	1,	'2021-10-19 14:32:50',	'2021-10-19 14:32:50'),
(21,	31,	1,	'2021-10-19 14:32:50',	'2021-10-19 14:32:50'),
(21,	31,	1,	'2021-10-19 14:32:50',	'2021-10-19 14:32:50'),
(21,	7,	1,	'2021-10-19 14:32:50',	'2021-10-19 14:32:50'),
(21,	39,	0,	'2021-10-19 14:32:50',	'2021-10-19 14:32:50'),
(21,	100,	1,	'2021-10-19 14:32:50',	'2021-10-19 14:32:50'),
(21,	27,	0,	'2021-10-19 14:32:50',	'2021-10-19 14:32:50'),
(21,	52,	0,	'2021-10-19 14:32:50',	'2021-10-19 14:32:50'),
(21,	25,	0,	'2021-10-19 14:32:50',	'2021-10-19 14:32:50'),
(21,	38,	0,	'2021-10-19 14:32:50',	'2021-10-19 14:32:50'),
(21,	83,	0,	'2021-10-19 14:32:50',	'2021-10-19 14:32:50'),
(21,	14,	0,	'2021-10-19 14:32:50',	'2021-10-19 14:32:50'),
(21,	16,	1,	'2021-10-19 14:32:50',	'2021-10-19 14:32:50'),
(21,	62,	0,	'2021-10-19 14:32:50',	'2021-10-19 14:32:50'),
(21,	36,	1,	'2021-10-19 14:32:50',	'2021-10-19 14:32:50'),
(21,	56,	0,	'2021-10-19 14:32:50',	'2021-10-19 14:32:50'),
(22,	17,	1,	'2021-10-19 14:32:50',	'2021-10-19 14:32:50'),
(22,	51,	1,	'2021-10-19 14:32:50',	'2021-10-19 14:32:50'),
(22,	20,	1,	'2021-10-19 14:32:50',	'2021-10-19 14:32:50'),
(22,	63,	0,	'2021-10-19 14:32:50',	'2021-10-19 14:32:50'),
(22,	68,	1,	'2021-10-19 14:32:50',	'2021-10-19 14:32:50'),
(22,	73,	0,	'2021-10-19 14:32:50',	'2021-10-19 14:32:50'),
(22,	74,	1,	'2021-10-19 14:32:50',	'2021-10-19 14:32:50'),
(22,	32,	1,	'2021-10-19 14:32:50',	'2021-10-19 14:32:50'),
(22,	46,	0,	'2021-10-19 14:32:51',	'2021-10-19 14:32:51'),
(22,	77,	0,	'2021-10-19 14:32:51',	'2021-10-19 14:32:51'),
(22,	92,	1,	'2021-10-19 14:32:51',	'2021-10-19 14:32:51'),
(22,	24,	1,	'2021-10-19 14:32:51',	'2021-10-19 14:32:51'),
(22,	64,	0,	'2021-10-19 14:32:51',	'2021-10-19 14:32:51'),
(22,	47,	1,	'2021-10-19 14:32:51',	'2021-10-19 14:32:51'),
(22,	24,	1,	'2021-10-19 14:32:51',	'2021-10-19 14:32:51'),
(22,	22,	0,	'2021-10-19 14:32:51',	'2021-10-19 14:32:51'),
(22,	74,	1,	'2021-10-19 14:32:51',	'2021-10-19 14:32:51'),
(22,	36,	0,	'2021-10-19 14:32:51',	'2021-10-19 14:32:51'),
(22,	55,	1,	'2021-10-19 14:32:51',	'2021-10-19 14:32:51'),
(22,	94,	0,	'2021-10-19 14:32:51',	'2021-10-19 14:32:51'),
(22,	92,	1,	'2021-10-19 14:32:51',	'2021-10-19 14:32:51'),
(22,	55,	0,	'2021-10-19 14:32:51',	'2021-10-19 14:32:51'),
(22,	79,	1,	'2021-10-19 14:32:51',	'2021-10-19 14:32:51'),
(23,	20,	1,	'2021-10-19 14:32:51',	'2021-10-19 14:32:51'),
(23,	50,	0,	'2021-10-19 14:32:51',	'2021-10-19 14:32:51'),
(23,	12,	1,	'2021-10-19 14:32:51',	'2021-10-19 14:32:51'),
(23,	67,	0,	'2021-10-19 14:32:51',	'2021-10-19 14:32:51'),
(23,	53,	0,	'2021-10-19 14:32:51',	'2021-10-19 14:32:51'),
(23,	31,	1,	'2021-10-19 14:32:51',	'2021-10-19 14:32:51'),
(23,	45,	0,	'2021-10-19 14:32:51',	'2021-10-19 14:32:51'),
(23,	48,	0,	'2021-10-19 14:32:51',	'2021-10-19 14:32:51'),
(23,	16,	1,	'2021-10-19 14:32:51',	'2021-10-19 14:32:51'),
(23,	23,	1,	'2021-10-19 14:32:51',	'2021-10-19 14:32:51'),
(23,	75,	0,	'2021-10-19 14:32:51',	'2021-10-19 14:32:51'),
(23,	20,	0,	'2021-10-19 14:32:51',	'2021-10-19 14:32:51'),
(23,	53,	1,	'2021-10-19 14:32:51',	'2021-10-19 14:32:51'),
(23,	66,	0,	'2021-10-19 14:32:51',	'2021-10-19 14:32:51'),
(23,	82,	1,	'2021-10-19 14:32:51',	'2021-10-19 14:32:51'),
(23,	10,	0,	'2021-10-19 14:32:51',	'2021-10-19 14:32:51'),
(23,	62,	0,	'2021-10-19 14:32:51',	'2021-10-19 14:32:51'),
(23,	95,	0,	'2021-10-19 14:32:51',	'2021-10-19 14:32:51'),
(23,	13,	1,	'2021-10-19 14:32:51',	'2021-10-19 14:32:51'),
(23,	55,	1,	'2021-10-19 14:32:51',	'2021-10-19 14:32:51'),
(23,	92,	1,	'2021-10-19 14:32:51',	'2021-10-19 14:32:51'),
(23,	27,	0,	'2021-10-19 14:32:51',	'2021-10-19 14:32:51'),
(23,	83,	0,	'2021-10-19 14:32:51',	'2021-10-19 14:32:51'),
(23,	75,	0,	'2021-10-19 14:32:51',	'2021-10-19 14:32:51'),
(23,	44,	0,	'2021-10-19 14:32:51',	'2021-10-19 14:32:51'),
(23,	63,	1,	'2021-10-19 14:32:51',	'2021-10-19 14:32:51'),
(23,	79,	0,	'2021-10-19 14:32:51',	'2021-10-19 14:32:51'),
(23,	33,	1,	'2021-10-19 14:32:51',	'2021-10-19 14:32:51'),
(24,	37,	0,	'2021-10-19 14:32:51',	'2021-10-19 14:32:51'),
(24,	8,	1,	'2021-10-19 14:32:51',	'2021-10-19 14:32:51'),
(24,	60,	0,	'2021-10-19 14:32:51',	'2021-10-19 14:32:51'),
(24,	83,	1,	'2021-10-19 14:32:51',	'2021-10-19 14:32:51'),
(24,	70,	0,	'2021-10-19 14:32:51',	'2021-10-19 14:32:51'),
(24,	8,	0,	'2021-10-19 14:32:51',	'2021-10-19 14:32:51'),
(24,	66,	1,	'2021-10-19 14:32:51',	'2021-10-19 14:32:51'),
(24,	36,	0,	'2021-10-19 14:32:51',	'2021-10-19 14:32:51'),
(24,	34,	0,	'2021-10-19 14:32:52',	'2021-10-19 14:32:52'),
(24,	46,	1,	'2021-10-19 14:32:52',	'2021-10-19 14:32:52'),
(24,	22,	1,	'2021-10-19 14:32:52',	'2021-10-19 14:32:52'),
(24,	100,	1,	'2021-10-19 14:32:52',	'2021-10-19 14:32:52'),
(24,	44,	1,	'2021-10-19 14:32:52',	'2021-10-19 14:32:52'),
(24,	46,	1,	'2021-10-19 14:32:52',	'2021-10-19 14:32:52'),
(24,	73,	1,	'2021-10-19 14:32:52',	'2021-10-19 14:32:52'),
(24,	8,	1,	'2021-10-19 14:32:52',	'2021-10-19 14:32:52'),
(24,	61,	0,	'2021-10-19 14:32:52',	'2021-10-19 14:32:52'),
(24,	42,	0,	'2021-10-19 14:32:52',	'2021-10-19 14:32:52'),
(24,	100,	0,	'2021-10-19 14:32:52',	'2021-10-19 14:32:52'),
(24,	14,	1,	'2021-10-19 14:32:52',	'2021-10-19 14:32:52'),
(24,	85,	0,	'2021-10-19 14:32:52',	'2021-10-19 14:32:52'),
(24,	27,	1,	'2021-10-19 14:32:52',	'2021-10-19 14:32:52'),
(24,	73,	0,	'2021-10-19 14:32:52',	'2021-10-19 14:32:52'),
(24,	25,	0,	'2021-10-19 14:32:52',	'2021-10-19 14:32:52'),
(24,	19,	0,	'2021-10-19 14:32:52',	'2021-10-19 14:32:52'),
(24,	97,	1,	'2021-10-19 14:32:52',	'2021-10-19 14:32:52'),
(24,	48,	0,	'2021-10-19 14:32:52',	'2021-10-19 14:32:52'),
(24,	43,	1,	'2021-10-19 14:32:52',	'2021-10-19 14:32:52'),
(24,	11,	0,	'2021-10-19 14:32:52',	'2021-10-19 14:32:52'),
(24,	100,	1,	'2021-10-19 14:32:52',	'2021-10-19 14:32:52'),
(24,	95,	1,	'2021-10-19 14:32:52',	'2021-10-19 14:32:52'),
(24,	49,	0,	'2021-10-19 14:32:52',	'2021-10-19 14:32:52'),
(24,	25,	0,	'2021-10-19 14:32:52',	'2021-10-19 14:32:52'),
(24,	73,	1,	'2021-10-19 14:32:52',	'2021-10-19 14:32:52'),
(24,	10,	0,	'2021-10-19 14:32:52',	'2021-10-19 14:32:52'),
(24,	6,	0,	'2021-10-19 14:32:52',	'2021-10-19 14:32:52'),
(24,	44,	0,	'2021-10-19 14:32:52',	'2021-10-19 14:32:52'),
(25,	60,	0,	'2021-10-19 14:32:52',	'2021-10-19 14:32:52'),
(25,	9,	0,	'2021-10-19 14:32:52',	'2021-10-19 14:32:52'),
(25,	90,	0,	'2021-10-19 14:32:52',	'2021-10-19 14:32:52'),
(25,	11,	1,	'2021-10-19 14:32:52',	'2021-10-19 14:32:52'),
(25,	27,	0,	'2021-10-19 14:32:52',	'2021-10-19 14:32:52'),
(25,	54,	0,	'2021-10-19 14:32:52',	'2021-10-19 14:32:52'),
(25,	52,	1,	'2021-10-19 14:32:52',	'2021-10-19 14:32:52'),
(25,	42,	1,	'2021-10-19 14:32:52',	'2021-10-19 14:32:52'),
(25,	85,	1,	'2021-10-19 14:32:52',	'2021-10-19 14:32:52'),
(25,	68,	1,	'2021-10-19 14:32:52',	'2021-10-19 14:32:52'),
(25,	6,	1,	'2021-10-19 14:32:52',	'2021-10-19 14:32:52'),
(25,	82,	1,	'2021-10-19 14:32:52',	'2021-10-19 14:32:52'),
(25,	79,	1,	'2021-10-19 14:32:52',	'2021-10-19 14:32:52'),
(25,	37,	1,	'2021-10-19 14:32:52',	'2021-10-19 14:32:52'),
(25,	60,	1,	'2021-10-19 14:32:52',	'2021-10-19 14:32:52'),
(25,	59,	0,	'2021-10-19 14:32:52',	'2021-10-19 14:32:52'),
(25,	54,	0,	'2021-10-19 14:32:52',	'2021-10-19 14:32:52'),
(25,	43,	0,	'2021-10-19 14:32:52',	'2021-10-19 14:32:52'),
(25,	47,	0,	'2021-10-19 14:32:52',	'2021-10-19 14:32:52'),
(25,	99,	1,	'2021-10-19 14:32:52',	'2021-10-19 14:32:52'),
(25,	12,	1,	'2021-10-19 14:32:52',	'2021-10-19 14:32:52'),
(25,	6,	1,	'2021-10-19 14:32:53',	'2021-10-19 14:32:53'),
(25,	36,	1,	'2021-10-19 14:32:53',	'2021-10-19 14:32:53'),
(25,	42,	1,	'2021-10-19 14:32:53',	'2021-10-19 14:32:53'),
(25,	74,	1,	'2021-10-19 14:32:53',	'2021-10-19 14:32:53'),
(25,	28,	1,	'2021-10-19 14:32:53',	'2021-10-19 14:32:53'),
(25,	32,	0,	'2021-10-19 14:32:53',	'2021-10-19 14:32:53'),
(25,	25,	1,	'2021-10-19 14:32:53',	'2021-10-19 14:32:53'),
(25,	47,	1,	'2021-10-19 14:32:53',	'2021-10-19 14:32:53'),
(25,	48,	0,	'2021-10-19 14:32:53',	'2021-10-19 14:32:53'),
(25,	30,	1,	'2021-10-19 14:32:53',	'2021-10-19 14:32:53'),
(25,	70,	0,	'2021-10-19 14:32:53',	'2021-10-19 14:32:53'),
(25,	70,	1,	'2021-10-19 14:32:53',	'2021-10-19 14:32:53'),
(25,	50,	0,	'2021-10-19 14:32:53',	'2021-10-19 14:32:53'),
(26,	53,	1,	'2021-10-19 14:32:53',	'2021-10-19 14:32:53'),
(26,	18,	1,	'2021-10-19 14:32:53',	'2021-10-19 14:32:53'),
(26,	15,	1,	'2021-10-19 14:32:53',	'2021-10-19 14:32:53'),
(26,	81,	0,	'2021-10-19 14:32:53',	'2021-10-19 14:32:53'),
(26,	75,	1,	'2021-10-19 14:32:53',	'2021-10-19 14:32:53'),
(26,	12,	0,	'2021-10-19 14:32:53',	'2021-10-19 14:32:53'),
(26,	32,	1,	'2021-10-19 14:32:53',	'2021-10-19 14:32:53'),
(26,	61,	0,	'2021-10-19 14:32:53',	'2021-10-19 14:32:53'),
(26,	24,	0,	'2021-10-19 14:32:53',	'2021-10-19 14:32:53'),
(26,	18,	1,	'2021-10-19 14:32:53',	'2021-10-19 14:32:53'),
(26,	17,	1,	'2021-10-19 14:32:53',	'2021-10-19 14:32:53'),
(26,	87,	1,	'2021-10-19 14:32:53',	'2021-10-19 14:32:53'),
(26,	53,	0,	'2021-10-19 14:32:53',	'2021-10-19 14:32:53'),
(26,	1,	1,	'2021-10-19 14:32:53',	'2021-10-19 14:32:53'),
(26,	73,	0,	'2021-10-19 14:32:53',	'2021-10-19 14:32:53'),
(26,	25,	0,	'2021-10-19 14:32:53',	'2021-10-19 14:32:53'),
(26,	38,	0,	'2021-10-19 14:32:53',	'2021-10-19 14:32:53'),
(26,	24,	1,	'2021-10-19 14:32:53',	'2021-10-19 14:32:53'),
(26,	14,	0,	'2021-10-19 14:32:53',	'2021-10-19 14:32:53'),
(26,	53,	0,	'2021-10-19 14:32:53',	'2021-10-19 14:32:53'),
(26,	86,	0,	'2021-10-19 14:32:53',	'2021-10-19 14:32:53'),
(26,	97,	0,	'2021-10-19 14:32:53',	'2021-10-19 14:32:53'),
(26,	12,	1,	'2021-10-19 14:32:53',	'2021-10-19 14:32:53'),
(26,	23,	0,	'2021-10-19 14:32:53',	'2021-10-19 14:32:53'),
(26,	51,	1,	'2021-10-19 14:32:53',	'2021-10-19 14:32:53'),
(26,	98,	0,	'2021-10-19 14:32:53',	'2021-10-19 14:32:53'),
(26,	53,	1,	'2021-10-19 14:32:53',	'2021-10-19 14:32:53'),
(27,	56,	1,	'2021-10-19 14:32:53',	'2021-10-19 14:32:53'),
(27,	23,	1,	'2021-10-19 14:32:53',	'2021-10-19 14:32:53'),
(27,	39,	0,	'2021-10-19 14:32:53',	'2021-10-19 14:32:53'),
(27,	25,	1,	'2021-10-19 14:32:53',	'2021-10-19 14:32:53'),
(27,	42,	0,	'2021-10-19 14:32:53',	'2021-10-19 14:32:53'),
(27,	24,	1,	'2021-10-19 14:32:53',	'2021-10-19 14:32:53'),
(27,	75,	1,	'2021-10-19 14:32:53',	'2021-10-19 14:32:53'),
(27,	57,	0,	'2021-10-19 14:32:54',	'2021-10-19 14:32:54'),
(27,	21,	0,	'2021-10-19 14:32:54',	'2021-10-19 14:32:54'),
(27,	90,	0,	'2021-10-19 14:32:54',	'2021-10-19 14:32:54'),
(27,	72,	0,	'2021-10-19 14:32:54',	'2021-10-19 14:32:54'),
(27,	67,	1,	'2021-10-19 14:32:54',	'2021-10-19 14:32:54'),
(27,	99,	1,	'2021-10-19 14:32:54',	'2021-10-19 14:32:54'),
(27,	54,	1,	'2021-10-19 14:32:54',	'2021-10-19 14:32:54'),
(27,	75,	0,	'2021-10-19 14:32:54',	'2021-10-19 14:32:54'),
(27,	65,	0,	'2021-10-19 14:32:54',	'2021-10-19 14:32:54'),
(27,	93,	0,	'2021-10-19 14:32:54',	'2021-10-19 14:32:54'),
(27,	22,	0,	'2021-10-19 14:32:54',	'2021-10-19 14:32:54'),
(27,	36,	0,	'2021-10-19 14:32:54',	'2021-10-19 14:32:54'),
(27,	2,	1,	'2021-10-19 14:32:54',	'2021-10-19 14:32:54'),
(27,	65,	0,	'2021-10-19 14:32:54',	'2021-10-19 14:32:54'),
(27,	81,	1,	'2021-10-19 14:32:54',	'2021-10-19 14:32:54'),
(27,	61,	0,	'2021-10-19 14:32:54',	'2021-10-19 14:32:54'),
(27,	43,	0,	'2021-10-19 14:32:54',	'2021-10-19 14:32:54'),
(27,	29,	0,	'2021-10-19 14:32:54',	'2021-10-19 14:32:54'),
(27,	77,	1,	'2021-10-19 14:32:54',	'2021-10-19 14:32:54'),
(27,	11,	0,	'2021-10-19 14:32:54',	'2021-10-19 14:32:54'),
(27,	62,	0,	'2021-10-19 14:32:54',	'2021-10-19 14:32:54'),
(27,	93,	0,	'2021-10-19 14:32:54',	'2021-10-19 14:32:54'),
(28,	72,	1,	'2021-10-19 14:32:54',	'2021-10-19 14:32:54'),
(28,	66,	1,	'2021-10-19 14:32:55',	'2021-10-19 14:32:55'),
(28,	46,	1,	'2021-10-19 14:32:55',	'2021-10-19 14:32:55'),
(28,	75,	1,	'2021-10-19 14:32:55',	'2021-10-19 14:32:55'),
(28,	92,	1,	'2021-10-19 14:32:55',	'2021-10-19 14:32:55'),
(28,	90,	1,	'2021-10-19 14:32:55',	'2021-10-19 14:32:55'),
(28,	41,	1,	'2021-10-19 14:32:55',	'2021-10-19 14:32:55'),
(28,	54,	1,	'2021-10-19 14:32:55',	'2021-10-19 14:32:55'),
(28,	55,	1,	'2021-10-19 14:32:55',	'2021-10-19 14:32:55'),
(28,	15,	1,	'2021-10-19 14:32:55',	'2021-10-19 14:32:55'),
(28,	40,	0,	'2021-10-19 14:32:55',	'2021-10-19 14:32:55'),
(28,	68,	1,	'2021-10-19 14:32:55',	'2021-10-19 14:32:55'),
(28,	51,	0,	'2021-10-19 14:32:55',	'2021-10-19 14:32:55'),
(28,	28,	0,	'2021-10-19 14:32:55',	'2021-10-19 14:32:55'),
(28,	48,	1,	'2021-10-19 14:32:55',	'2021-10-19 14:32:55'),
(28,	15,	1,	'2021-10-19 14:32:55',	'2021-10-19 14:32:55'),
(28,	70,	0,	'2021-10-19 14:32:55',	'2021-10-19 14:32:55'),
(28,	44,	0,	'2021-10-19 14:32:55',	'2021-10-19 14:32:55'),
(28,	75,	1,	'2021-10-19 14:32:55',	'2021-10-19 14:32:55'),
(28,	61,	1,	'2021-10-19 14:32:55',	'2021-10-19 14:32:55'),
(28,	86,	0,	'2021-10-19 14:32:55',	'2021-10-19 14:32:55'),
(28,	33,	0,	'2021-10-19 14:32:55',	'2021-10-19 14:32:55'),
(29,	58,	0,	'2021-10-19 14:32:55',	'2021-10-19 14:32:55'),
(29,	55,	1,	'2021-10-19 14:32:55',	'2021-10-19 14:32:55'),
(29,	74,	0,	'2021-10-19 14:32:55',	'2021-10-19 14:32:55'),
(29,	56,	1,	'2021-10-19 14:32:55',	'2021-10-19 14:32:55'),
(29,	28,	0,	'2021-10-19 14:32:55',	'2021-10-19 14:32:55'),
(29,	50,	0,	'2021-10-19 14:32:55',	'2021-10-19 14:32:55'),
(29,	79,	1,	'2021-10-19 14:32:55',	'2021-10-19 14:32:55'),
(29,	88,	0,	'2021-10-19 14:32:55',	'2021-10-19 14:32:55'),
(29,	53,	1,	'2021-10-19 14:32:55',	'2021-10-19 14:32:55'),
(29,	71,	0,	'2021-10-19 14:32:55',	'2021-10-19 14:32:55'),
(29,	17,	0,	'2021-10-19 14:32:55',	'2021-10-19 14:32:55'),
(29,	8,	0,	'2021-10-19 14:32:55',	'2021-10-19 14:32:55'),
(29,	7,	1,	'2021-10-19 14:32:55',	'2021-10-19 14:32:55'),
(29,	67,	0,	'2021-10-19 14:32:55',	'2021-10-19 14:32:55'),
(29,	54,	1,	'2021-10-19 14:32:55',	'2021-10-19 14:32:55'),
(29,	70,	1,	'2021-10-19 14:32:55',	'2021-10-19 14:32:55'),
(29,	70,	1,	'2021-10-19 14:32:55',	'2021-10-19 14:32:55'),
(29,	25,	1,	'2021-10-19 14:32:55',	'2021-10-19 14:32:55'),
(29,	87,	0,	'2021-10-19 14:32:55',	'2021-10-19 14:32:55'),
(29,	11,	0,	'2021-10-19 14:32:55',	'2021-10-19 14:32:55'),
(29,	76,	0,	'2021-10-19 14:32:55',	'2021-10-19 14:32:55'),
(29,	16,	0,	'2021-10-19 14:32:55',	'2021-10-19 14:32:55'),
(29,	70,	1,	'2021-10-19 14:32:55',	'2021-10-19 14:32:55'),
(29,	94,	1,	'2021-10-19 14:32:55',	'2021-10-19 14:32:55'),
(29,	11,	0,	'2021-10-19 14:32:55',	'2021-10-19 14:32:55'),
(29,	49,	0,	'2021-10-19 14:32:55',	'2021-10-19 14:32:55'),
(29,	30,	0,	'2021-10-19 14:32:55',	'2021-10-19 14:32:55'),
(29,	3,	1,	'2021-10-19 14:32:55',	'2021-10-19 14:32:55'),
(29,	1,	0,	'2021-10-19 14:32:55',	'2021-10-19 14:32:55'),
(29,	36,	0,	'2021-10-19 14:32:55',	'2021-10-19 14:32:55'),
(29,	28,	1,	'2021-10-19 14:32:55',	'2021-10-19 14:32:55'),
(30,	24,	1,	'2021-10-19 14:32:56',	'2021-10-19 14:32:56'),
(30,	44,	1,	'2021-10-19 14:32:56',	'2021-10-19 14:32:56'),
(30,	31,	0,	'2021-10-19 14:32:56',	'2021-10-19 14:32:56'),
(30,	38,	1,	'2021-10-19 14:32:56',	'2021-10-19 14:32:56'),
(30,	10,	1,	'2021-10-19 14:32:56',	'2021-10-19 14:32:56'),
(30,	3,	1,	'2021-10-19 14:32:56',	'2021-10-19 14:32:56'),
(30,	79,	1,	'2021-10-19 14:32:56',	'2021-10-19 14:32:56'),
(30,	23,	1,	'2021-10-19 14:32:56',	'2021-10-19 14:32:56'),
(30,	20,	0,	'2021-10-19 14:32:56',	'2021-10-19 14:32:56'),
(30,	23,	0,	'2021-10-19 14:32:56',	'2021-10-19 14:32:56'),
(30,	36,	1,	'2021-10-19 14:32:56',	'2021-10-19 14:32:56'),
(30,	42,	0,	'2021-10-19 14:32:56',	'2021-10-19 14:32:56'),
(30,	18,	1,	'2021-10-19 14:32:56',	'2021-10-19 14:32:56'),
(30,	92,	1,	'2021-10-19 14:32:56',	'2021-10-19 14:32:56'),
(30,	57,	0,	'2021-10-19 14:32:56',	'2021-10-19 14:32:56'),
(30,	30,	0,	'2021-10-19 14:32:56',	'2021-10-19 14:32:56'),
(30,	77,	0,	'2021-10-19 14:32:56',	'2021-10-19 14:32:56'),
(30,	3,	1,	'2021-10-19 14:32:56',	'2021-10-19 14:32:56'),
(30,	97,	1,	'2021-10-19 14:32:56',	'2021-10-19 14:32:56'),
(30,	48,	1,	'2021-10-19 14:32:56',	'2021-10-19 14:32:56'),
(30,	42,	0,	'2021-10-19 14:32:56',	'2021-10-19 14:32:56'),
(30,	26,	0,	'2021-10-19 14:32:56',	'2021-10-19 14:32:56'),
(30,	12,	0,	'2021-10-19 14:32:56',	'2021-10-19 14:32:56'),
(30,	32,	1,	'2021-10-19 14:32:56',	'2021-10-19 14:32:56'),
(30,	9,	0,	'2021-10-19 14:32:56',	'2021-10-19 14:32:56'),
(30,	3,	0,	'2021-10-19 14:32:56',	'2021-10-19 14:32:56'),
(31,	52,	1,	'2021-10-19 14:32:56',	'2021-10-19 14:32:56'),
(31,	100,	1,	'2021-10-19 14:32:56',	'2021-10-19 14:32:56'),
(31,	29,	0,	'2021-10-19 14:32:56',	'2021-10-19 14:32:56'),
(31,	55,	1,	'2021-10-19 14:32:56',	'2021-10-19 14:32:56'),
(31,	25,	0,	'2021-10-19 14:32:56',	'2021-10-19 14:32:56'),
(31,	15,	1,	'2021-10-19 14:32:56',	'2021-10-19 14:32:56'),
(31,	1,	0,	'2021-10-19 14:32:56',	'2021-10-19 14:32:56'),
(31,	83,	0,	'2021-10-19 14:32:56',	'2021-10-19 14:32:56'),
(31,	65,	1,	'2021-10-19 14:32:56',	'2021-10-19 14:32:56'),
(31,	9,	0,	'2021-10-19 14:32:56',	'2021-10-19 14:32:56'),
(31,	74,	1,	'2021-10-19 14:32:56',	'2021-10-19 14:32:56'),
(31,	49,	1,	'2021-10-19 14:32:56',	'2021-10-19 14:32:56'),
(31,	91,	0,	'2021-10-19 14:32:56',	'2021-10-19 14:32:56'),
(31,	30,	1,	'2021-10-19 14:32:56',	'2021-10-19 14:32:56'),
(31,	23,	0,	'2021-10-19 14:32:56',	'2021-10-19 14:32:56'),
(31,	75,	0,	'2021-10-19 14:32:56',	'2021-10-19 14:32:56'),
(31,	30,	0,	'2021-10-19 14:32:56',	'2021-10-19 14:32:56'),
(31,	20,	1,	'2021-10-19 14:32:56',	'2021-10-19 14:32:56'),
(31,	59,	1,	'2021-10-19 14:32:56',	'2021-10-19 14:32:56'),
(31,	46,	0,	'2021-10-19 14:32:56',	'2021-10-19 14:32:56'),
(31,	48,	0,	'2021-10-19 14:32:56',	'2021-10-19 14:32:56'),
(31,	71,	0,	'2021-10-19 14:32:56',	'2021-10-19 14:32:56'),
(32,	69,	0,	'2021-10-19 14:32:56',	'2021-10-19 14:32:56'),
(32,	24,	0,	'2021-10-19 14:32:56',	'2021-10-19 14:32:56'),
(32,	48,	1,	'2021-10-19 14:32:57',	'2021-10-19 14:32:57'),
(32,	68,	0,	'2021-10-19 14:32:57',	'2021-10-19 14:32:57'),
(32,	3,	0,	'2021-10-19 14:32:57',	'2021-10-19 14:32:57'),
(32,	75,	1,	'2021-10-19 14:32:57',	'2021-10-19 14:32:57'),
(32,	8,	0,	'2021-10-19 14:32:57',	'2021-10-19 14:32:57'),
(32,	16,	0,	'2021-10-19 14:32:57',	'2021-10-19 14:32:57'),
(32,	38,	0,	'2021-10-19 14:32:57',	'2021-10-19 14:32:57'),
(32,	93,	0,	'2021-10-19 14:32:57',	'2021-10-19 14:32:57'),
(32,	99,	1,	'2021-10-19 14:32:57',	'2021-10-19 14:32:57'),
(32,	85,	1,	'2021-10-19 14:32:57',	'2021-10-19 14:32:57'),
(32,	18,	0,	'2021-10-19 14:32:57',	'2021-10-19 14:32:57'),
(32,	27,	0,	'2021-10-19 14:32:57',	'2021-10-19 14:32:57'),
(32,	73,	0,	'2021-10-19 14:32:57',	'2021-10-19 14:32:57'),
(32,	45,	0,	'2021-10-19 14:32:57',	'2021-10-19 14:32:57'),
(32,	43,	0,	'2021-10-19 14:32:57',	'2021-10-19 14:32:57'),
(32,	45,	1,	'2021-10-19 14:32:57',	'2021-10-19 14:32:57'),
(32,	91,	1,	'2021-10-19 14:32:57',	'2021-10-19 14:32:57'),
(32,	3,	0,	'2021-10-19 14:32:57',	'2021-10-19 14:32:57'),
(32,	56,	1,	'2021-10-19 14:32:57',	'2021-10-19 14:32:57'),
(32,	39,	1,	'2021-10-19 14:32:57',	'2021-10-19 14:32:57'),
(32,	92,	0,	'2021-10-19 14:32:57',	'2021-10-19 14:32:57'),
(32,	72,	1,	'2021-10-19 14:32:57',	'2021-10-19 14:32:57'),
(32,	20,	1,	'2021-10-19 14:32:57',	'2021-10-19 14:32:57'),
(32,	28,	1,	'2021-10-19 14:32:57',	'2021-10-19 14:32:57'),
(32,	26,	0,	'2021-10-19 14:32:57',	'2021-10-19 14:32:57'),
(32,	83,	1,	'2021-10-19 14:32:57',	'2021-10-19 14:32:57'),
(32,	56,	1,	'2021-10-19 14:32:57',	'2021-10-19 14:32:57'),
(32,	28,	0,	'2021-10-19 14:32:57',	'2021-10-19 14:32:57'),
(32,	9,	1,	'2021-10-19 14:32:57',	'2021-10-19 14:32:57'),
(32,	63,	1,	'2021-10-19 14:32:57',	'2021-10-19 14:32:57'),
(32,	2,	0,	'2021-10-19 14:32:57',	'2021-10-19 14:32:57'),
(32,	35,	1,	'2021-10-19 14:32:57',	'2021-10-19 14:32:57'),
(32,	7,	0,	'2021-10-19 14:32:57',	'2021-10-19 14:32:57'),
(32,	43,	1,	'2021-10-19 14:32:57',	'2021-10-19 14:32:57'),
(32,	50,	1,	'2021-10-19 14:32:57',	'2021-10-19 14:32:57'),
(32,	94,	0,	'2021-10-19 14:32:57',	'2021-10-19 14:32:57'),
(32,	69,	0,	'2021-10-19 14:32:57',	'2021-10-19 14:32:57'),
(32,	23,	1,	'2021-10-19 14:32:57',	'2021-10-19 14:32:57'),
(32,	70,	0,	'2021-10-19 14:32:57',	'2021-10-19 14:32:57'),
(32,	83,	1,	'2021-10-19 14:32:57',	'2021-10-19 14:32:57'),
(32,	83,	1,	'2021-10-19 14:32:57',	'2021-10-19 14:32:57'),
(33,	34,	1,	'2021-10-19 14:32:57',	'2021-10-19 14:32:57'),
(33,	46,	1,	'2021-10-19 14:32:57',	'2021-10-19 14:32:57'),
(33,	57,	0,	'2021-10-19 14:32:57',	'2021-10-19 14:32:57'),
(33,	39,	1,	'2021-10-19 14:32:57',	'2021-10-19 14:32:57'),
(33,	17,	0,	'2021-10-19 14:32:57',	'2021-10-19 14:32:57'),
(33,	36,	1,	'2021-10-19 14:32:57',	'2021-10-19 14:32:57'),
(33,	24,	0,	'2021-10-19 14:32:57',	'2021-10-19 14:32:57'),
(33,	94,	1,	'2021-10-19 14:32:57',	'2021-10-19 14:32:57'),
(33,	86,	1,	'2021-10-19 14:32:57',	'2021-10-19 14:32:57'),
(33,	89,	1,	'2021-10-19 14:32:58',	'2021-10-19 14:32:58'),
(33,	45,	0,	'2021-10-19 14:32:58',	'2021-10-19 14:32:58'),
(33,	34,	1,	'2021-10-19 14:32:58',	'2021-10-19 14:32:58'),
(33,	34,	1,	'2021-10-19 14:32:58',	'2021-10-19 14:32:58'),
(33,	69,	0,	'2021-10-19 14:32:58',	'2021-10-19 14:32:58'),
(33,	98,	0,	'2021-10-19 14:32:58',	'2021-10-19 14:32:58'),
(33,	2,	1,	'2021-10-19 14:32:58',	'2021-10-19 14:32:58'),
(33,	22,	1,	'2021-10-19 14:32:58',	'2021-10-19 14:32:58'),
(33,	53,	0,	'2021-10-19 14:32:58',	'2021-10-19 14:32:58'),
(33,	46,	1,	'2021-10-19 14:32:58',	'2021-10-19 14:32:58'),
(33,	37,	0,	'2021-10-19 14:32:58',	'2021-10-19 14:32:58'),
(33,	44,	0,	'2021-10-19 14:32:58',	'2021-10-19 14:32:58'),
(33,	17,	1,	'2021-10-19 14:32:58',	'2021-10-19 14:32:58'),
(33,	95,	1,	'2021-10-19 14:32:58',	'2021-10-19 14:32:58'),
(33,	56,	0,	'2021-10-19 14:32:58',	'2021-10-19 14:32:58'),
(33,	76,	1,	'2021-10-19 14:32:58',	'2021-10-19 14:32:58'),
(33,	3,	0,	'2021-10-19 14:32:58',	'2021-10-19 14:32:58'),
(33,	46,	0,	'2021-10-19 14:32:58',	'2021-10-19 14:32:58'),
(34,	87,	0,	'2021-10-19 14:32:58',	'2021-10-19 14:32:58'),
(34,	100,	1,	'2021-10-19 14:32:58',	'2021-10-19 14:32:58'),
(34,	16,	1,	'2021-10-19 14:32:58',	'2021-10-19 14:32:58'),
(34,	90,	1,	'2021-10-19 14:32:58',	'2021-10-19 14:32:58'),
(34,	36,	0,	'2021-10-19 14:32:58',	'2021-10-19 14:32:58'),
(34,	87,	0,	'2021-10-19 14:32:58',	'2021-10-19 14:32:58'),
(34,	43,	0,	'2021-10-19 14:32:58',	'2021-10-19 14:32:58'),
(34,	19,	0,	'2021-10-19 14:32:58',	'2021-10-19 14:32:58'),
(34,	26,	1,	'2021-10-19 14:32:58',	'2021-10-19 14:32:58'),
(34,	88,	1,	'2021-10-19 14:32:58',	'2021-10-19 14:32:58'),
(34,	84,	0,	'2021-10-19 14:32:58',	'2021-10-19 14:32:58'),
(34,	44,	0,	'2021-10-19 14:32:58',	'2021-10-19 14:32:58'),
(34,	63,	0,	'2021-10-19 14:32:58',	'2021-10-19 14:32:58'),
(34,	41,	0,	'2021-10-19 14:32:58',	'2021-10-19 14:32:58'),
(34,	71,	0,	'2021-10-19 14:32:58',	'2021-10-19 14:32:58'),
(34,	2,	1,	'2021-10-19 14:32:58',	'2021-10-19 14:32:58'),
(34,	22,	0,	'2021-10-19 14:32:58',	'2021-10-19 14:32:58'),
(34,	19,	0,	'2021-10-19 14:32:58',	'2021-10-19 14:32:58'),
(34,	34,	0,	'2021-10-19 14:32:58',	'2021-10-19 14:32:58'),
(34,	77,	1,	'2021-10-19 14:32:58',	'2021-10-19 14:32:58'),
(34,	75,	1,	'2021-10-19 14:32:58',	'2021-10-19 14:32:58'),
(34,	37,	1,	'2021-10-19 14:32:58',	'2021-10-19 14:32:58'),
(34,	3,	1,	'2021-10-19 14:32:58',	'2021-10-19 14:32:58'),
(34,	49,	0,	'2021-10-19 14:32:58',	'2021-10-19 14:32:58'),
(34,	98,	0,	'2021-10-19 14:32:58',	'2021-10-19 14:32:58'),
(35,	84,	0,	'2021-10-19 14:32:58',	'2021-10-19 14:32:58'),
(35,	16,	0,	'2021-10-19 14:32:58',	'2021-10-19 14:32:58'),
(35,	87,	0,	'2021-10-19 14:32:58',	'2021-10-19 14:32:58'),
(35,	50,	1,	'2021-10-19 14:32:58',	'2021-10-19 14:32:58'),
(35,	86,	1,	'2021-10-19 14:32:58',	'2021-10-19 14:32:58'),
(35,	48,	0,	'2021-10-19 14:32:58',	'2021-10-19 14:32:58'),
(35,	1,	1,	'2021-10-19 14:32:58',	'2021-10-19 14:32:58'),
(35,	8,	0,	'2021-10-19 14:32:58',	'2021-10-19 14:32:58'),
(35,	84,	1,	'2021-10-19 14:32:58',	'2021-10-19 14:32:58'),
(35,	84,	0,	'2021-10-19 14:32:59',	'2021-10-19 14:32:59'),
(35,	38,	0,	'2021-10-19 14:32:59',	'2021-10-19 14:32:59'),
(35,	27,	1,	'2021-10-19 14:32:59',	'2021-10-19 14:32:59'),
(35,	18,	0,	'2021-10-19 14:32:59',	'2021-10-19 14:32:59'),
(35,	6,	0,	'2021-10-19 14:32:59',	'2021-10-19 14:32:59'),
(35,	75,	0,	'2021-10-19 14:32:59',	'2021-10-19 14:32:59'),
(35,	100,	1,	'2021-10-19 14:32:59',	'2021-10-19 14:32:59'),
(35,	61,	1,	'2021-10-19 14:32:59',	'2021-10-19 14:32:59'),
(35,	33,	1,	'2021-10-19 14:32:59',	'2021-10-19 14:32:59'),
(35,	84,	1,	'2021-10-19 14:32:59',	'2021-10-19 14:32:59'),
(35,	41,	0,	'2021-10-19 14:32:59',	'2021-10-19 14:32:59'),
(35,	4,	0,	'2021-10-19 14:32:59',	'2021-10-19 14:32:59'),
(35,	62,	1,	'2021-10-19 14:32:59',	'2021-10-19 14:32:59'),
(35,	69,	0,	'2021-10-19 14:32:59',	'2021-10-19 14:32:59'),
(35,	34,	0,	'2021-10-19 14:32:59',	'2021-10-19 14:32:59'),
(35,	65,	1,	'2021-10-19 14:32:59',	'2021-10-19 14:32:59'),
(35,	84,	0,	'2021-10-19 14:32:59',	'2021-10-19 14:32:59'),
(35,	33,	1,	'2021-10-19 14:32:59',	'2021-10-19 14:32:59'),
(35,	82,	0,	'2021-10-19 14:32:59',	'2021-10-19 14:32:59'),
(35,	39,	1,	'2021-10-19 14:32:59',	'2021-10-19 14:32:59'),
(35,	86,	1,	'2021-10-19 14:32:59',	'2021-10-19 14:32:59'),
(35,	52,	1,	'2021-10-19 14:32:59',	'2021-10-19 14:32:59'),
(35,	88,	0,	'2021-10-19 14:32:59',	'2021-10-19 14:32:59'),
(35,	94,	1,	'2021-10-19 14:32:59',	'2021-10-19 14:32:59'),
(35,	72,	0,	'2021-10-19 14:32:59',	'2021-10-19 14:32:59'),
(36,	84,	0,	'2021-10-19 14:32:59',	'2021-10-19 14:32:59'),
(36,	74,	1,	'2021-10-19 14:32:59',	'2021-10-19 14:32:59'),
(36,	13,	1,	'2021-10-19 14:32:59',	'2021-10-19 14:32:59'),
(36,	88,	1,	'2021-10-19 14:32:59',	'2021-10-19 14:32:59'),
(36,	63,	0,	'2021-10-19 14:32:59',	'2021-10-19 14:32:59'),
(36,	42,	1,	'2021-10-19 14:32:59',	'2021-10-19 14:32:59'),
(36,	35,	1,	'2021-10-19 14:32:59',	'2021-10-19 14:32:59'),
(36,	47,	0,	'2021-10-19 14:32:59',	'2021-10-19 14:32:59'),
(36,	25,	0,	'2021-10-19 14:32:59',	'2021-10-19 14:32:59'),
(36,	7,	1,	'2021-10-19 14:32:59',	'2021-10-19 14:32:59'),
(36,	22,	1,	'2021-10-19 14:32:59',	'2021-10-19 14:32:59'),
(36,	70,	1,	'2021-10-19 14:32:59',	'2021-10-19 14:32:59'),
(36,	44,	0,	'2021-10-19 14:32:59',	'2021-10-19 14:32:59'),
(36,	42,	1,	'2021-10-19 14:32:59',	'2021-10-19 14:32:59'),
(36,	38,	1,	'2021-10-19 14:32:59',	'2021-10-19 14:32:59'),
(36,	17,	0,	'2021-10-19 14:32:59',	'2021-10-19 14:32:59'),
(36,	29,	0,	'2021-10-19 14:32:59',	'2021-10-19 14:32:59'),
(36,	55,	1,	'2021-10-19 14:32:59',	'2021-10-19 14:32:59'),
(36,	92,	1,	'2021-10-19 14:32:59',	'2021-10-19 14:32:59'),
(36,	58,	0,	'2021-10-19 14:32:59',	'2021-10-19 14:32:59'),
(36,	71,	0,	'2021-10-19 14:32:59',	'2021-10-19 14:32:59'),
(36,	85,	1,	'2021-10-19 14:32:59',	'2021-10-19 14:32:59'),
(37,	82,	1,	'2021-10-19 14:32:59',	'2021-10-19 14:32:59'),
(37,	68,	1,	'2021-10-19 14:32:59',	'2021-10-19 14:32:59'),
(37,	26,	0,	'2021-10-19 14:32:59',	'2021-10-19 14:32:59'),
(37,	30,	0,	'2021-10-19 14:32:59',	'2021-10-19 14:32:59'),
(37,	79,	1,	'2021-10-19 14:33:00',	'2021-10-19 14:33:00'),
(37,	23,	0,	'2021-10-19 14:33:00',	'2021-10-19 14:33:00'),
(37,	79,	0,	'2021-10-19 14:33:00',	'2021-10-19 14:33:00'),
(37,	22,	0,	'2021-10-19 14:33:00',	'2021-10-19 14:33:00'),
(37,	55,	1,	'2021-10-19 14:33:00',	'2021-10-19 14:33:00'),
(37,	63,	1,	'2021-10-19 14:33:00',	'2021-10-19 14:33:00'),
(37,	37,	0,	'2021-10-19 14:33:00',	'2021-10-19 14:33:00'),
(37,	48,	1,	'2021-10-19 14:33:00',	'2021-10-19 14:33:00'),
(37,	58,	1,	'2021-10-19 14:33:00',	'2021-10-19 14:33:00'),
(37,	66,	1,	'2021-10-19 14:33:00',	'2021-10-19 14:33:00'),
(37,	31,	0,	'2021-10-19 14:33:00',	'2021-10-19 14:33:00'),
(37,	14,	0,	'2021-10-19 14:33:00',	'2021-10-19 14:33:00'),
(37,	59,	0,	'2021-10-19 14:33:00',	'2021-10-19 14:33:00'),
(37,	48,	0,	'2021-10-19 14:33:00',	'2021-10-19 14:33:00'),
(37,	59,	0,	'2021-10-19 14:33:00',	'2021-10-19 14:33:00'),
(37,	34,	0,	'2021-10-19 14:33:00',	'2021-10-19 14:33:00'),
(37,	1,	0,	'2021-10-19 14:33:00',	'2021-10-19 14:33:00'),
(37,	46,	0,	'2021-10-19 14:33:00',	'2021-10-19 14:33:00'),
(37,	74,	1,	'2021-10-19 14:33:00',	'2021-10-19 14:33:00'),
(37,	28,	0,	'2021-10-19 14:33:00',	'2021-10-19 14:33:00'),
(37,	23,	1,	'2021-10-19 14:33:00',	'2021-10-19 14:33:00'),
(37,	77,	0,	'2021-10-19 14:33:00',	'2021-10-19 14:33:00'),
(37,	93,	1,	'2021-10-19 14:33:00',	'2021-10-19 14:33:00'),
(38,	84,	1,	'2021-10-19 14:33:00',	'2021-10-19 14:33:00'),
(38,	25,	0,	'2021-10-19 14:33:00',	'2021-10-19 14:33:00'),
(38,	1,	1,	'2021-10-19 14:33:00',	'2021-10-19 14:33:00'),
(38,	100,	1,	'2021-10-19 14:33:00',	'2021-10-19 14:33:00'),
(38,	83,	1,	'2021-10-19 14:33:00',	'2021-10-19 14:33:00'),
(38,	79,	1,	'2021-10-19 14:33:00',	'2021-10-19 14:33:00'),
(38,	24,	1,	'2021-10-19 14:33:00',	'2021-10-19 14:33:00'),
(38,	57,	0,	'2021-10-19 14:33:00',	'2021-10-19 14:33:00'),
(38,	97,	0,	'2021-10-19 14:33:00',	'2021-10-19 14:33:00'),
(38,	20,	1,	'2021-10-19 14:33:00',	'2021-10-19 14:33:00'),
(38,	40,	0,	'2021-10-19 14:33:00',	'2021-10-19 14:33:00'),
(38,	34,	0,	'2021-10-19 14:33:00',	'2021-10-19 14:33:00'),
(38,	75,	1,	'2021-10-19 14:33:00',	'2021-10-19 14:33:00'),
(38,	25,	0,	'2021-10-19 14:33:00',	'2021-10-19 14:33:00'),
(38,	17,	1,	'2021-10-19 14:33:00',	'2021-10-19 14:33:00'),
(38,	67,	0,	'2021-10-19 14:33:00',	'2021-10-19 14:33:00'),
(38,	89,	1,	'2021-10-19 14:33:00',	'2021-10-19 14:33:00'),
(38,	79,	1,	'2021-10-19 14:33:00',	'2021-10-19 14:33:00'),
(38,	38,	0,	'2021-10-19 14:33:00',	'2021-10-19 14:33:00'),
(38,	10,	1,	'2021-10-19 14:33:00',	'2021-10-19 14:33:00'),
(38,	11,	0,	'2021-10-19 14:33:00',	'2021-10-19 14:33:00'),
(38,	64,	0,	'2021-10-19 14:33:00',	'2021-10-19 14:33:00'),
(38,	37,	1,	'2021-10-19 14:33:00',	'2021-10-19 14:33:00'),
(38,	70,	1,	'2021-10-19 14:33:00',	'2021-10-19 14:33:00'),
(38,	34,	0,	'2021-10-19 14:33:00',	'2021-10-19 14:33:00'),
(38,	64,	1,	'2021-10-19 14:33:00',	'2021-10-19 14:33:00'),
(38,	67,	1,	'2021-10-19 14:33:00',	'2021-10-19 14:33:00'),
(38,	89,	1,	'2021-10-19 14:33:00',	'2021-10-19 14:33:00'),
(38,	88,	1,	'2021-10-19 14:33:00',	'2021-10-19 14:33:00'),
(38,	100,	1,	'2021-10-19 14:33:01',	'2021-10-19 14:33:01'),
(38,	55,	1,	'2021-10-19 14:33:01',	'2021-10-19 14:33:01'),
(38,	46,	0,	'2021-10-19 14:33:01',	'2021-10-19 14:33:01'),
(38,	100,	0,	'2021-10-19 14:33:01',	'2021-10-19 14:33:01'),
(38,	94,	1,	'2021-10-19 14:33:01',	'2021-10-19 14:33:01'),
(38,	83,	1,	'2021-10-19 14:33:01',	'2021-10-19 14:33:01'),
(38,	46,	1,	'2021-10-19 14:33:01',	'2021-10-19 14:33:01'),
(38,	63,	1,	'2021-10-19 14:33:01',	'2021-10-19 14:33:01'),
(39,	87,	0,	'2021-10-19 14:33:01',	'2021-10-19 14:33:01'),
(39,	42,	1,	'2021-10-19 14:33:01',	'2021-10-19 14:33:01'),
(39,	34,	0,	'2021-10-19 14:33:01',	'2021-10-19 14:33:01'),
(39,	93,	1,	'2021-10-19 14:33:01',	'2021-10-19 14:33:01'),
(39,	72,	1,	'2021-10-19 14:33:01',	'2021-10-19 14:33:01'),
(39,	53,	0,	'2021-10-19 14:33:01',	'2021-10-19 14:33:01'),
(39,	55,	0,	'2021-10-19 14:33:01',	'2021-10-19 14:33:01'),
(39,	81,	1,	'2021-10-19 14:33:01',	'2021-10-19 14:33:01'),
(39,	57,	0,	'2021-10-19 14:33:01',	'2021-10-19 14:33:01'),
(39,	14,	0,	'2021-10-19 14:33:01',	'2021-10-19 14:33:01'),
(39,	24,	1,	'2021-10-19 14:33:01',	'2021-10-19 14:33:01'),
(39,	88,	0,	'2021-10-19 14:33:01',	'2021-10-19 14:33:01'),
(39,	18,	1,	'2021-10-19 14:33:01',	'2021-10-19 14:33:01'),
(39,	30,	1,	'2021-10-19 14:33:01',	'2021-10-19 14:33:01'),
(39,	13,	0,	'2021-10-19 14:33:01',	'2021-10-19 14:33:01'),
(39,	86,	0,	'2021-10-19 14:33:01',	'2021-10-19 14:33:01'),
(39,	55,	0,	'2021-10-19 14:33:01',	'2021-10-19 14:33:01'),
(39,	93,	0,	'2021-10-19 14:33:01',	'2021-10-19 14:33:01'),
(39,	54,	0,	'2021-10-19 14:33:01',	'2021-10-19 14:33:01'),
(39,	36,	1,	'2021-10-19 14:33:01',	'2021-10-19 14:33:01'),
(39,	45,	1,	'2021-10-19 14:33:01',	'2021-10-19 14:33:01'),
(39,	82,	0,	'2021-10-19 14:33:01',	'2021-10-19 14:33:01'),
(40,	39,	0,	'2021-10-19 14:33:01',	'2021-10-19 14:33:01'),
(40,	77,	0,	'2021-10-19 14:33:01',	'2021-10-19 14:33:01'),
(40,	1,	0,	'2021-10-19 14:33:01',	'2021-10-19 14:33:01'),
(40,	73,	0,	'2021-10-19 14:33:01',	'2021-10-19 14:33:01'),
(40,	33,	0,	'2021-10-19 14:33:01',	'2021-10-19 14:33:01'),
(40,	31,	1,	'2021-10-19 14:33:01',	'2021-10-19 14:33:01'),
(40,	1,	0,	'2021-10-19 14:33:01',	'2021-10-19 14:33:01'),
(40,	68,	1,	'2021-10-19 14:33:01',	'2021-10-19 14:33:01'),
(40,	90,	1,	'2021-10-19 14:33:01',	'2021-10-19 14:33:01'),
(40,	50,	0,	'2021-10-19 14:33:01',	'2021-10-19 14:33:01'),
(40,	69,	0,	'2021-10-19 14:33:01',	'2021-10-19 14:33:01'),
(40,	77,	1,	'2021-10-19 14:33:01',	'2021-10-19 14:33:01'),
(40,	52,	0,	'2021-10-19 14:33:01',	'2021-10-19 14:33:01'),
(40,	57,	0,	'2021-10-19 14:33:01',	'2021-10-19 14:33:01'),
(40,	72,	0,	'2021-10-19 14:33:01',	'2021-10-19 14:33:01'),
(40,	4,	1,	'2021-10-19 14:33:01',	'2021-10-19 14:33:01'),
(40,	60,	1,	'2021-10-19 14:33:01',	'2021-10-19 14:33:01'),
(40,	51,	1,	'2021-10-19 14:33:01',	'2021-10-19 14:33:01'),
(40,	2,	1,	'2021-10-19 14:33:01',	'2021-10-19 14:33:01'),
(40,	69,	0,	'2021-10-19 14:33:01',	'2021-10-19 14:33:01'),
(40,	43,	0,	'2021-10-19 14:33:02',	'2021-10-19 14:33:02'),
(40,	50,	1,	'2021-10-19 14:33:02',	'2021-10-19 14:33:02'),
(41,	31,	0,	'2021-10-19 14:33:02',	'2021-10-19 14:33:02'),
(41,	72,	1,	'2021-10-19 14:33:02',	'2021-10-19 14:33:02'),
(41,	67,	0,	'2021-10-19 14:33:02',	'2021-10-19 14:33:02'),
(41,	13,	0,	'2021-10-19 14:33:02',	'2021-10-19 14:33:02'),
(41,	16,	1,	'2021-10-19 14:33:02',	'2021-10-19 14:33:02'),
(41,	8,	1,	'2021-10-19 14:33:02',	'2021-10-19 14:33:02'),
(41,	77,	1,	'2021-10-19 14:33:02',	'2021-10-19 14:33:02'),
(41,	93,	1,	'2021-10-19 14:33:02',	'2021-10-19 14:33:02'),
(41,	96,	1,	'2021-10-19 14:33:02',	'2021-10-19 14:33:02'),
(41,	57,	0,	'2021-10-19 14:33:02',	'2021-10-19 14:33:02'),
(41,	46,	0,	'2021-10-19 14:33:02',	'2021-10-19 14:33:02'),
(41,	11,	0,	'2021-10-19 14:33:02',	'2021-10-19 14:33:02'),
(41,	86,	0,	'2021-10-19 14:33:02',	'2021-10-19 14:33:02'),
(41,	41,	0,	'2021-10-19 14:33:02',	'2021-10-19 14:33:02'),
(41,	85,	1,	'2021-10-19 14:33:02',	'2021-10-19 14:33:02'),
(41,	68,	1,	'2021-10-19 14:33:02',	'2021-10-19 14:33:02'),
(41,	75,	0,	'2021-10-19 14:33:02',	'2021-10-19 14:33:02'),
(41,	71,	1,	'2021-10-19 14:33:02',	'2021-10-19 14:33:02'),
(41,	100,	0,	'2021-10-19 14:33:02',	'2021-10-19 14:33:02'),
(41,	13,	0,	'2021-10-19 14:33:02',	'2021-10-19 14:33:02'),
(41,	76,	1,	'2021-10-19 14:33:02',	'2021-10-19 14:33:02'),
(41,	78,	0,	'2021-10-19 14:33:02',	'2021-10-19 14:33:02'),
(41,	60,	1,	'2021-10-19 14:33:02',	'2021-10-19 14:33:02'),
(41,	1,	0,	'2021-10-19 14:33:02',	'2021-10-19 14:33:02'),
(41,	97,	1,	'2021-10-19 14:33:02',	'2021-10-19 14:33:02'),
(41,	27,	1,	'2021-10-19 14:33:02',	'2021-10-19 14:33:02'),
(41,	17,	0,	'2021-10-19 14:33:02',	'2021-10-19 14:33:02'),
(41,	45,	0,	'2021-10-19 14:33:02',	'2021-10-19 14:33:02'),
(41,	2,	1,	'2021-10-19 14:33:02',	'2021-10-19 14:33:02'),
(41,	30,	1,	'2021-10-19 14:33:02',	'2021-10-19 14:33:02'),
(41,	4,	1,	'2021-10-19 14:33:02',	'2021-10-19 14:33:02'),
(41,	32,	1,	'2021-10-19 14:33:02',	'2021-10-19 14:33:02'),
(41,	61,	0,	'2021-10-19 14:33:02',	'2021-10-19 14:33:02'),
(41,	37,	1,	'2021-10-19 14:33:02',	'2021-10-19 14:33:02'),
(41,	26,	1,	'2021-10-19 14:33:02',	'2021-10-19 14:33:02'),
(41,	77,	0,	'2021-10-19 14:33:02',	'2021-10-19 14:33:02'),
(41,	11,	1,	'2021-10-19 14:33:02',	'2021-10-19 14:33:02'),
(41,	6,	1,	'2021-10-19 14:33:02',	'2021-10-19 14:33:02'),
(41,	36,	1,	'2021-10-19 14:33:02',	'2021-10-19 14:33:02'),
(41,	51,	0,	'2021-10-19 14:33:02',	'2021-10-19 14:33:02'),
(41,	25,	1,	'2021-10-19 14:33:02',	'2021-10-19 14:33:02'),
(41,	96,	0,	'2021-10-19 14:33:02',	'2021-10-19 14:33:02'),
(42,	45,	1,	'2021-10-19 14:33:02',	'2021-10-19 14:33:02'),
(42,	75,	0,	'2021-10-19 14:33:02',	'2021-10-19 14:33:02'),
(42,	19,	1,	'2021-10-19 14:33:02',	'2021-10-19 14:33:02'),
(42,	51,	0,	'2021-10-19 14:33:02',	'2021-10-19 14:33:02'),
(42,	39,	1,	'2021-10-19 14:33:02',	'2021-10-19 14:33:02'),
(42,	40,	1,	'2021-10-19 14:33:02',	'2021-10-19 14:33:02'),
(42,	72,	1,	'2021-10-19 14:33:02',	'2021-10-19 14:33:02'),
(42,	66,	0,	'2021-10-19 14:33:03',	'2021-10-19 14:33:03'),
(42,	34,	0,	'2021-10-19 14:33:03',	'2021-10-19 14:33:03'),
(42,	94,	0,	'2021-10-19 14:33:03',	'2021-10-19 14:33:03'),
(42,	67,	0,	'2021-10-19 14:33:03',	'2021-10-19 14:33:03'),
(42,	98,	1,	'2021-10-19 14:33:03',	'2021-10-19 14:33:03'),
(42,	85,	1,	'2021-10-19 14:33:03',	'2021-10-19 14:33:03'),
(42,	80,	0,	'2021-10-19 14:33:03',	'2021-10-19 14:33:03'),
(42,	82,	1,	'2021-10-19 14:33:03',	'2021-10-19 14:33:03'),
(42,	28,	0,	'2021-10-19 14:33:03',	'2021-10-19 14:33:03'),
(42,	83,	1,	'2021-10-19 14:33:03',	'2021-10-19 14:33:03'),
(42,	29,	1,	'2021-10-19 14:33:03',	'2021-10-19 14:33:03'),
(42,	1,	0,	'2021-10-19 14:33:03',	'2021-10-19 14:33:03'),
(42,	85,	0,	'2021-10-19 14:33:03',	'2021-10-19 14:33:03'),
(42,	70,	0,	'2021-10-19 14:33:03',	'2021-10-19 14:33:03'),
(42,	87,	1,	'2021-10-19 14:33:03',	'2021-10-19 14:33:03'),
(42,	46,	1,	'2021-10-19 14:33:03',	'2021-10-19 14:33:03'),
(42,	43,	1,	'2021-10-19 14:33:03',	'2021-10-19 14:33:03'),
(42,	53,	0,	'2021-10-19 14:33:03',	'2021-10-19 14:33:03'),
(43,	1,	0,	'2021-10-19 14:33:03',	'2021-10-19 14:33:03'),
(43,	22,	1,	'2021-10-19 14:33:03',	'2021-10-19 14:33:03'),
(43,	53,	0,	'2021-10-19 14:33:03',	'2021-10-19 14:33:03'),
(43,	54,	1,	'2021-10-19 14:33:03',	'2021-10-19 14:33:03'),
(43,	46,	0,	'2021-10-19 14:33:03',	'2021-10-19 14:33:03'),
(43,	92,	0,	'2021-10-19 14:33:03',	'2021-10-19 14:33:03'),
(43,	50,	0,	'2021-10-19 14:33:03',	'2021-10-19 14:33:03'),
(43,	5,	0,	'2021-10-19 14:33:03',	'2021-10-19 14:33:03'),
(43,	30,	0,	'2021-10-19 14:33:03',	'2021-10-19 14:33:03'),
(43,	11,	0,	'2021-10-19 14:33:03',	'2021-10-19 14:33:03'),
(43,	31,	0,	'2021-10-19 14:33:03',	'2021-10-19 14:33:03'),
(43,	57,	1,	'2021-10-19 14:33:03',	'2021-10-19 14:33:03'),
(43,	98,	0,	'2021-10-19 14:33:03',	'2021-10-19 14:33:03'),
(43,	56,	0,	'2021-10-19 14:33:03',	'2021-10-19 14:33:03'),
(43,	58,	1,	'2021-10-19 14:33:03',	'2021-10-19 14:33:03'),
(43,	46,	0,	'2021-10-19 14:33:03',	'2021-10-19 14:33:03'),
(43,	87,	1,	'2021-10-19 14:33:03',	'2021-10-19 14:33:03'),
(43,	68,	1,	'2021-10-19 14:33:03',	'2021-10-19 14:33:03'),
(43,	49,	0,	'2021-10-19 14:33:03',	'2021-10-19 14:33:03'),
(43,	86,	0,	'2021-10-19 14:33:03',	'2021-10-19 14:33:03'),
(43,	80,	0,	'2021-10-19 14:33:03',	'2021-10-19 14:33:03'),
(43,	99,	1,	'2021-10-19 14:33:03',	'2021-10-19 14:33:03'),
(43,	77,	0,	'2021-10-19 14:33:03',	'2021-10-19 14:33:03'),
(43,	56,	1,	'2021-10-19 14:33:03',	'2021-10-19 14:33:03'),
(43,	61,	0,	'2021-10-19 14:33:03',	'2021-10-19 14:33:03'),
(43,	93,	1,	'2021-10-19 14:33:03',	'2021-10-19 14:33:03'),
(43,	36,	0,	'2021-10-19 14:33:03',	'2021-10-19 14:33:03'),
(43,	11,	0,	'2021-10-19 14:33:03',	'2021-10-19 14:33:03'),
(43,	61,	1,	'2021-10-19 14:33:03',	'2021-10-19 14:33:03'),
(43,	64,	1,	'2021-10-19 14:33:03',	'2021-10-19 14:33:03'),
(43,	66,	0,	'2021-10-19 14:33:04',	'2021-10-19 14:33:04'),
(43,	17,	0,	'2021-10-19 14:33:04',	'2021-10-19 14:33:04'),
(43,	10,	0,	'2021-10-19 14:33:04',	'2021-10-19 14:33:04'),
(43,	57,	1,	'2021-10-19 14:33:04',	'2021-10-19 14:33:04'),
(44,	92,	1,	'2021-10-19 14:33:04',	'2021-10-19 14:33:04'),
(44,	4,	0,	'2021-10-19 14:33:04',	'2021-10-19 14:33:04'),
(44,	15,	0,	'2021-10-19 14:33:04',	'2021-10-19 14:33:04'),
(44,	91,	1,	'2021-10-19 14:33:04',	'2021-10-19 14:33:04'),
(44,	51,	0,	'2021-10-19 14:33:04',	'2021-10-19 14:33:04'),
(44,	78,	1,	'2021-10-19 14:33:04',	'2021-10-19 14:33:04'),
(44,	74,	1,	'2021-10-19 14:33:04',	'2021-10-19 14:33:04'),
(44,	16,	0,	'2021-10-19 14:33:04',	'2021-10-19 14:33:04'),
(44,	36,	0,	'2021-10-19 14:33:04',	'2021-10-19 14:33:04'),
(44,	55,	0,	'2021-10-19 14:33:04',	'2021-10-19 14:33:04'),
(44,	53,	0,	'2021-10-19 14:33:04',	'2021-10-19 14:33:04'),
(44,	19,	1,	'2021-10-19 14:33:04',	'2021-10-19 14:33:04'),
(44,	52,	0,	'2021-10-19 14:33:04',	'2021-10-19 14:33:04'),
(44,	86,	0,	'2021-10-19 14:33:04',	'2021-10-19 14:33:04'),
(44,	97,	1,	'2021-10-19 14:33:04',	'2021-10-19 14:33:04'),
(44,	23,	1,	'2021-10-19 14:33:04',	'2021-10-19 14:33:04'),
(44,	68,	0,	'2021-10-19 14:33:04',	'2021-10-19 14:33:04'),
(44,	14,	1,	'2021-10-19 14:33:04',	'2021-10-19 14:33:04'),
(44,	95,	0,	'2021-10-19 14:33:04',	'2021-10-19 14:33:04'),
(44,	45,	0,	'2021-10-19 14:33:04',	'2021-10-19 14:33:04'),
(44,	79,	0,	'2021-10-19 14:33:04',	'2021-10-19 14:33:04'),
(44,	33,	0,	'2021-10-19 14:33:04',	'2021-10-19 14:33:04'),
(44,	7,	0,	'2021-10-19 14:33:04',	'2021-10-19 14:33:04'),
(44,	4,	0,	'2021-10-19 14:33:04',	'2021-10-19 14:33:04'),
(45,	14,	0,	'2021-10-19 14:33:04',	'2021-10-19 14:33:04'),
(45,	2,	1,	'2021-10-19 14:33:04',	'2021-10-19 14:33:04'),
(45,	61,	1,	'2021-10-19 14:33:04',	'2021-10-19 14:33:04'),
(45,	52,	0,	'2021-10-19 14:33:04',	'2021-10-19 14:33:04'),
(45,	62,	1,	'2021-10-19 14:33:04',	'2021-10-19 14:33:04'),
(45,	12,	0,	'2021-10-19 14:33:04',	'2021-10-19 14:33:04'),
(45,	21,	1,	'2021-10-19 14:33:04',	'2021-10-19 14:33:04'),
(45,	58,	0,	'2021-10-19 14:33:04',	'2021-10-19 14:33:04'),
(45,	48,	0,	'2021-10-19 14:33:04',	'2021-10-19 14:33:04'),
(45,	17,	0,	'2021-10-19 14:33:04',	'2021-10-19 14:33:04'),
(45,	84,	0,	'2021-10-19 14:33:04',	'2021-10-19 14:33:04'),
(45,	31,	0,	'2021-10-19 14:33:04',	'2021-10-19 14:33:04'),
(45,	33,	0,	'2021-10-19 14:33:04',	'2021-10-19 14:33:04'),
(45,	94,	1,	'2021-10-19 14:33:04',	'2021-10-19 14:33:04'),
(45,	45,	1,	'2021-10-19 14:33:04',	'2021-10-19 14:33:04'),
(45,	81,	1,	'2021-10-19 14:33:04',	'2021-10-19 14:33:04'),
(45,	78,	1,	'2021-10-19 14:33:04',	'2021-10-19 14:33:04'),
(45,	8,	1,	'2021-10-19 14:33:04',	'2021-10-19 14:33:04'),
(45,	97,	0,	'2021-10-19 14:33:04',	'2021-10-19 14:33:04'),
(45,	98,	1,	'2021-10-19 14:33:04',	'2021-10-19 14:33:04'),
(45,	58,	0,	'2021-10-19 14:33:04',	'2021-10-19 14:33:04'),
(45,	64,	1,	'2021-10-19 14:33:04',	'2021-10-19 14:33:04'),
(45,	51,	0,	'2021-10-19 14:33:05',	'2021-10-19 14:33:05'),
(45,	24,	0,	'2021-10-19 14:33:05',	'2021-10-19 14:33:05'),
(45,	53,	1,	'2021-10-19 14:33:05',	'2021-10-19 14:33:05'),
(45,	43,	1,	'2021-10-19 14:33:05',	'2021-10-19 14:33:05'),
(45,	91,	1,	'2021-10-19 14:33:05',	'2021-10-19 14:33:05'),
(45,	84,	0,	'2021-10-19 14:33:05',	'2021-10-19 14:33:05'),
(45,	34,	1,	'2021-10-19 14:33:05',	'2021-10-19 14:33:05'),
(45,	88,	1,	'2021-10-19 14:33:05',	'2021-10-19 14:33:05'),
(45,	79,	0,	'2021-10-19 14:33:05',	'2021-10-19 14:33:05'),
(45,	76,	1,	'2021-10-19 14:33:05',	'2021-10-19 14:33:05'),
(46,	82,	1,	'2021-10-19 14:33:05',	'2021-10-19 14:33:05'),
(46,	92,	0,	'2021-10-19 14:33:05',	'2021-10-19 14:33:05'),
(46,	23,	1,	'2021-10-19 14:33:05',	'2021-10-19 14:33:05'),
(46,	15,	0,	'2021-10-19 14:33:05',	'2021-10-19 14:33:05'),
(46,	21,	1,	'2021-10-19 14:33:05',	'2021-10-19 14:33:05'),
(46,	7,	1,	'2021-10-19 14:33:05',	'2021-10-19 14:33:05'),
(46,	92,	0,	'2021-10-19 14:33:05',	'2021-10-19 14:33:05'),
(46,	1,	0,	'2021-10-19 14:33:05',	'2021-10-19 14:33:05'),
(46,	13,	1,	'2021-10-19 14:33:05',	'2021-10-19 14:33:05'),
(46,	23,	0,	'2021-10-19 14:33:05',	'2021-10-19 14:33:05'),
(46,	12,	0,	'2021-10-19 14:33:05',	'2021-10-19 14:33:05'),
(46,	41,	1,	'2021-10-19 14:33:05',	'2021-10-19 14:33:05'),
(46,	34,	1,	'2021-10-19 14:33:05',	'2021-10-19 14:33:05'),
(46,	24,	0,	'2021-10-19 14:33:05',	'2021-10-19 14:33:05'),
(46,	32,	0,	'2021-10-19 14:33:05',	'2021-10-19 14:33:05'),
(46,	74,	0,	'2021-10-19 14:33:05',	'2021-10-19 14:33:05'),
(46,	65,	0,	'2021-10-19 14:33:05',	'2021-10-19 14:33:05'),
(46,	89,	0,	'2021-10-19 14:33:05',	'2021-10-19 14:33:05'),
(46,	83,	1,	'2021-10-19 14:33:05',	'2021-10-19 14:33:05'),
(46,	84,	0,	'2021-10-19 14:33:05',	'2021-10-19 14:33:05'),
(46,	73,	1,	'2021-10-19 14:33:05',	'2021-10-19 14:33:05'),
(46,	66,	0,	'2021-10-19 14:33:05',	'2021-10-19 14:33:05'),
(46,	44,	1,	'2021-10-19 14:33:05',	'2021-10-19 14:33:05'),
(46,	100,	1,	'2021-10-19 14:33:05',	'2021-10-19 14:33:05'),
(46,	59,	0,	'2021-10-19 14:33:05',	'2021-10-19 14:33:05'),
(46,	72,	0,	'2021-10-19 14:33:05',	'2021-10-19 14:33:05'),
(46,	37,	1,	'2021-10-19 14:33:05',	'2021-10-19 14:33:05'),
(46,	75,	0,	'2021-10-19 14:33:05',	'2021-10-19 14:33:05'),
(46,	28,	1,	'2021-10-19 14:33:05',	'2021-10-19 14:33:05'),
(46,	46,	1,	'2021-10-19 14:33:05',	'2021-10-19 14:33:05'),
(46,	78,	0,	'2021-10-19 14:33:05',	'2021-10-19 14:33:05'),
(46,	10,	1,	'2021-10-19 14:33:05',	'2021-10-19 14:33:05'),
(46,	82,	0,	'2021-10-19 14:33:05',	'2021-10-19 14:33:05'),
(46,	10,	0,	'2021-10-19 14:33:05',	'2021-10-19 14:33:05'),
(46,	5,	0,	'2021-10-19 14:33:05',	'2021-10-19 14:33:05'),
(46,	74,	0,	'2021-10-19 14:33:05',	'2021-10-19 14:33:05'),
(46,	69,	1,	'2021-10-19 14:33:05',	'2021-10-19 14:33:05'),
(46,	29,	0,	'2021-10-19 14:33:05',	'2021-10-19 14:33:05'),
(46,	85,	0,	'2021-10-19 14:33:05',	'2021-10-19 14:33:05'),
(46,	84,	1,	'2021-10-19 14:33:05',	'2021-10-19 14:33:05'),
(46,	87,	0,	'2021-10-19 14:33:06',	'2021-10-19 14:33:06'),
(47,	6,	1,	'2021-10-19 14:33:06',	'2021-10-19 14:33:06'),
(47,	49,	1,	'2021-10-19 14:33:06',	'2021-10-19 14:33:06'),
(47,	98,	0,	'2021-10-19 14:33:06',	'2021-10-19 14:33:06'),
(47,	40,	0,	'2021-10-19 14:33:06',	'2021-10-19 14:33:06'),
(47,	85,	1,	'2021-10-19 14:33:06',	'2021-10-19 14:33:06'),
(47,	63,	0,	'2021-10-19 14:33:06',	'2021-10-19 14:33:06'),
(47,	85,	0,	'2021-10-19 14:33:06',	'2021-10-19 14:33:06'),
(47,	43,	1,	'2021-10-19 14:33:06',	'2021-10-19 14:33:06'),
(47,	100,	1,	'2021-10-19 14:33:06',	'2021-10-19 14:33:06'),
(47,	60,	0,	'2021-10-19 14:33:06',	'2021-10-19 14:33:06'),
(47,	24,	0,	'2021-10-19 14:33:06',	'2021-10-19 14:33:06'),
(47,	31,	1,	'2021-10-19 14:33:06',	'2021-10-19 14:33:06'),
(47,	78,	0,	'2021-10-19 14:33:06',	'2021-10-19 14:33:06'),
(47,	98,	1,	'2021-10-19 14:33:06',	'2021-10-19 14:33:06'),
(47,	15,	0,	'2021-10-19 14:33:06',	'2021-10-19 14:33:06'),
(47,	49,	1,	'2021-10-19 14:33:06',	'2021-10-19 14:33:06'),
(47,	6,	1,	'2021-10-19 14:33:06',	'2021-10-19 14:33:06'),
(47,	65,	1,	'2021-10-19 14:33:06',	'2021-10-19 14:33:06'),
(47,	5,	0,	'2021-10-19 14:33:06',	'2021-10-19 14:33:06'),
(47,	68,	1,	'2021-10-19 14:33:06',	'2021-10-19 14:33:06'),
(47,	47,	0,	'2021-10-19 14:33:06',	'2021-10-19 14:33:06'),
(47,	95,	1,	'2021-10-19 14:33:06',	'2021-10-19 14:33:06'),
(47,	78,	0,	'2021-10-19 14:33:06',	'2021-10-19 14:33:06'),
(47,	12,	1,	'2021-10-19 14:33:06',	'2021-10-19 14:33:06'),
(47,	90,	1,	'2021-10-19 14:33:06',	'2021-10-19 14:33:06'),
(47,	34,	1,	'2021-10-19 14:33:06',	'2021-10-19 14:33:06'),
(47,	73,	1,	'2021-10-19 14:33:06',	'2021-10-19 14:33:06'),
(47,	4,	1,	'2021-10-19 14:33:06',	'2021-10-19 14:33:06'),
(47,	39,	0,	'2021-10-19 14:33:06',	'2021-10-19 14:33:06'),
(47,	2,	1,	'2021-10-19 14:33:06',	'2021-10-19 14:33:06'),
(47,	83,	0,	'2021-10-19 14:33:06',	'2021-10-19 14:33:06'),
(47,	59,	0,	'2021-10-19 14:33:06',	'2021-10-19 14:33:06'),
(47,	78,	1,	'2021-10-19 14:33:06',	'2021-10-19 14:33:06'),
(47,	65,	0,	'2021-10-19 14:33:06',	'2021-10-19 14:33:06'),
(47,	90,	0,	'2021-10-19 14:33:06',	'2021-10-19 14:33:06'),
(48,	32,	1,	'2021-10-19 14:33:06',	'2021-10-19 14:33:06'),
(48,	66,	0,	'2021-10-19 14:33:06',	'2021-10-19 14:33:06'),
(48,	97,	1,	'2021-10-19 14:33:06',	'2021-10-19 14:33:06'),
(48,	81,	1,	'2021-10-19 14:33:06',	'2021-10-19 14:33:06'),
(48,	12,	0,	'2021-10-19 14:33:06',	'2021-10-19 14:33:06'),
(48,	75,	0,	'2021-10-19 14:33:06',	'2021-10-19 14:33:06'),
(48,	12,	1,	'2021-10-19 14:33:06',	'2021-10-19 14:33:06'),
(48,	50,	1,	'2021-10-19 14:33:06',	'2021-10-19 14:33:06'),
(48,	51,	0,	'2021-10-19 14:33:06',	'2021-10-19 14:33:06'),
(48,	99,	1,	'2021-10-19 14:33:06',	'2021-10-19 14:33:06'),
(48,	94,	0,	'2021-10-19 14:33:06',	'2021-10-19 14:33:06'),
(48,	81,	0,	'2021-10-19 14:33:06',	'2021-10-19 14:33:06'),
(48,	60,	1,	'2021-10-19 14:33:06',	'2021-10-19 14:33:06'),
(48,	69,	1,	'2021-10-19 14:33:06',	'2021-10-19 14:33:06'),
(48,	20,	0,	'2021-10-19 14:33:07',	'2021-10-19 14:33:07'),
(48,	16,	1,	'2021-10-19 14:33:07',	'2021-10-19 14:33:07'),
(48,	37,	0,	'2021-10-19 14:33:07',	'2021-10-19 14:33:07'),
(48,	49,	0,	'2021-10-19 14:33:07',	'2021-10-19 14:33:07'),
(48,	78,	0,	'2021-10-19 14:33:07',	'2021-10-19 14:33:07'),
(48,	46,	1,	'2021-10-19 14:33:07',	'2021-10-19 14:33:07'),
(48,	53,	0,	'2021-10-19 14:33:07',	'2021-10-19 14:33:07'),
(48,	2,	0,	'2021-10-19 14:33:07',	'2021-10-19 14:33:07'),
(48,	89,	1,	'2021-10-19 14:33:07',	'2021-10-19 14:33:07'),
(48,	66,	1,	'2021-10-19 14:33:07',	'2021-10-19 14:33:07'),
(48,	11,	1,	'2021-10-19 14:33:07',	'2021-10-19 14:33:07'),
(48,	33,	1,	'2021-10-19 14:33:07',	'2021-10-19 14:33:07'),
(48,	52,	1,	'2021-10-19 14:33:07',	'2021-10-19 14:33:07'),
(48,	2,	0,	'2021-10-19 14:33:07',	'2021-10-19 14:33:07'),
(48,	76,	0,	'2021-10-19 14:33:07',	'2021-10-19 14:33:07'),
(49,	70,	1,	'2021-10-19 14:33:07',	'2021-10-19 14:33:07'),
(49,	14,	1,	'2021-10-19 14:33:07',	'2021-10-19 14:33:07'),
(49,	15,	1,	'2021-10-19 14:33:07',	'2021-10-19 14:33:07'),
(49,	47,	0,	'2021-10-19 14:33:07',	'2021-10-19 14:33:07'),
(49,	18,	1,	'2021-10-19 14:33:07',	'2021-10-19 14:33:07'),
(49,	38,	0,	'2021-10-19 14:33:07',	'2021-10-19 14:33:07'),
(49,	19,	1,	'2021-10-19 14:33:07',	'2021-10-19 14:33:07'),
(49,	7,	1,	'2021-10-19 14:33:07',	'2021-10-19 14:33:07'),
(49,	73,	1,	'2021-10-19 14:33:07',	'2021-10-19 14:33:07'),
(49,	70,	1,	'2021-10-19 14:33:07',	'2021-10-19 14:33:07'),
(49,	93,	1,	'2021-10-19 14:33:07',	'2021-10-19 14:33:07'),
(49,	89,	0,	'2021-10-19 14:33:07',	'2021-10-19 14:33:07'),
(49,	1,	1,	'2021-10-19 14:33:07',	'2021-10-19 14:33:07'),
(49,	34,	1,	'2021-10-19 14:33:07',	'2021-10-19 14:33:07'),
(49,	47,	1,	'2021-10-19 14:33:07',	'2021-10-19 14:33:07'),
(49,	28,	1,	'2021-10-19 14:33:07',	'2021-10-19 14:33:07'),
(49,	100,	0,	'2021-10-19 14:33:07',	'2021-10-19 14:33:07'),
(49,	46,	1,	'2021-10-19 14:33:07',	'2021-10-19 14:33:07'),
(49,	23,	1,	'2021-10-19 14:33:07',	'2021-10-19 14:33:07'),
(49,	60,	0,	'2021-10-19 14:33:07',	'2021-10-19 14:33:07'),
(49,	48,	0,	'2021-10-19 14:33:07',	'2021-10-19 14:33:07'),
(49,	99,	0,	'2021-10-19 14:33:07',	'2021-10-19 14:33:07'),
(49,	31,	1,	'2021-10-19 14:33:07',	'2021-10-19 14:33:07'),
(49,	6,	1,	'2021-10-19 14:33:07',	'2021-10-19 14:33:07'),
(49,	7,	1,	'2021-10-19 14:33:07',	'2021-10-19 14:33:07'),
(49,	63,	1,	'2021-10-19 14:33:07',	'2021-10-19 14:33:07'),
(49,	47,	0,	'2021-10-19 14:33:07',	'2021-10-19 14:33:07'),
(49,	2,	1,	'2021-10-19 14:33:07',	'2021-10-19 14:33:07'),
(49,	54,	1,	'2021-10-19 14:33:07',	'2021-10-19 14:33:07'),
(49,	63,	1,	'2021-10-19 14:33:07',	'2021-10-19 14:33:07'),
(49,	21,	1,	'2021-10-19 14:33:07',	'2021-10-19 14:33:07'),
(49,	76,	0,	'2021-10-19 14:33:07',	'2021-10-19 14:33:07'),
(50,	29,	1,	'2021-10-19 14:33:07',	'2021-10-19 14:33:07'),
(50,	45,	0,	'2021-10-19 14:33:07',	'2021-10-19 14:33:07'),
(50,	71,	1,	'2021-10-19 14:33:08',	'2021-10-19 14:33:08'),
(50,	6,	0,	'2021-10-19 14:33:08',	'2021-10-19 14:33:08'),
(50,	80,	1,	'2021-10-19 14:33:08',	'2021-10-19 14:33:08'),
(50,	11,	0,	'2021-10-19 14:33:08',	'2021-10-19 14:33:08'),
(50,	56,	1,	'2021-10-19 14:33:08',	'2021-10-19 14:33:08'),
(50,	68,	1,	'2021-10-19 14:33:08',	'2021-10-19 14:33:08'),
(50,	71,	0,	'2021-10-19 14:33:08',	'2021-10-19 14:33:08'),
(50,	99,	0,	'2021-10-19 14:33:08',	'2021-10-19 14:33:08'),
(50,	55,	0,	'2021-10-19 14:33:08',	'2021-10-19 14:33:08'),
(50,	45,	0,	'2021-10-19 14:33:08',	'2021-10-19 14:33:08'),
(50,	99,	0,	'2021-10-19 14:33:08',	'2021-10-19 14:33:08'),
(50,	14,	0,	'2021-10-19 14:33:08',	'2021-10-19 14:33:08'),
(50,	64,	1,	'2021-10-19 14:33:08',	'2021-10-19 14:33:08'),
(50,	97,	1,	'2021-10-19 14:33:08',	'2021-10-19 14:33:08'),
(50,	63,	0,	'2021-10-19 14:33:08',	'2021-10-19 14:33:08'),
(50,	64,	0,	'2021-10-19 14:33:08',	'2021-10-19 14:33:08'),
(50,	51,	0,	'2021-10-19 14:33:08',	'2021-10-19 14:33:08'),
(50,	66,	1,	'2021-10-19 14:33:08',	'2021-10-19 14:33:08'),
(50,	25,	1,	'2021-10-19 14:33:08',	'2021-10-19 14:33:08'),
(50,	1,	1,	'2021-10-19 14:33:08',	'2021-10-19 14:33:08'),
(50,	67,	1,	'2021-10-19 14:33:08',	'2021-10-19 14:33:08'),
(50,	52,	0,	'2021-10-19 14:33:08',	'2021-10-19 14:33:08'),
(50,	46,	1,	'2021-10-19 14:33:08',	'2021-10-19 14:33:08'),
(50,	50,	0,	'2021-10-19 14:33:08',	'2021-10-19 14:33:08'),
(50,	58,	1,	'2021-10-19 14:33:08',	'2021-10-19 14:33:08'),
(50,	20,	1,	'2021-10-19 14:33:08',	'2021-10-19 14:33:08'),
(50,	76,	1,	'2021-10-19 14:33:08',	'2021-10-19 14:33:08');

DROP TABLE IF EXISTS `materiels`;
CREATE TABLE `materiels` (
  `id` bigint unsigned NOT NULL AUTO_INCREMENT,
  `name` varchar(255) COLLATE utf8mb4_unicode_ci NOT NULL,
  `price` decimal(9,2) NOT NULL,
  `created_at` timestamp NULL DEFAULT NULL,
  `updated_at` timestamp NULL DEFAULT NULL,
  PRIMARY KEY (`id`)
) ENGINE=InnoDB DEFAULT CHARSET=utf8mb4 COLLATE=utf8mb4_unicode_ci;

INSERT INTO `materiels` (`id`, `name`, `price`, `created_at`, `updated_at`) VALUES
(1,	'Vboenb',	21.99,	'2021-10-19 14:32:35',	'2021-10-19 14:32:35'),
(2,	'Xvsfyh',	3521.56,	'2021-10-19 14:32:35',	'2021-10-19 14:32:35'),
(3,	'Hwvrpx',	3907.08,	'2021-10-19 14:32:35',	'2021-10-19 14:32:35'),
(4,	'Xmxvtw',	1177.64,	'2021-10-19 14:32:35',	'2021-10-19 14:32:35'),
(5,	'Udqjnt',	3192.90,	'2021-10-19 14:32:35',	'2021-10-19 14:32:35'),
(6,	'Dpzzxz',	604.41,	'2021-10-19 14:32:35',	'2021-10-19 14:32:35'),
(7,	'Gfdiqv',	986.28,	'2021-10-19 14:32:35',	'2021-10-19 14:32:35'),
(8,	'Tjfzvn',	165.15,	'2021-10-19 14:32:35',	'2021-10-19 14:32:35'),
(9,	'Xkumun',	305.51,	'2021-10-19 14:32:35',	'2021-10-19 14:32:35'),
(10,	'Savlnf',	496.10,	'2021-10-19 14:32:35',	'2021-10-19 14:32:35'),
(11,	'Mrzlfu',	3819.24,	'2021-10-19 14:32:35',	'2021-10-19 14:32:35'),
(12,	'Rcdojk',	254.85,	'2021-10-19 14:32:35',	'2021-10-19 14:32:35'),
(13,	'Jpmbrh',	3045.56,	'2021-10-19 14:32:35',	'2021-10-19 14:32:35'),
(14,	'Vpandq',	3406.55,	'2021-10-19 14:32:35',	'2021-10-19 14:32:35'),
(15,	'Bcviye',	1284.30,	'2021-10-19 14:32:35',	'2021-10-19 14:32:35'),
(16,	'Elnqpa',	2356.75,	'2021-10-19 14:32:35',	'2021-10-19 14:32:35'),
(17,	'Utyuxw',	234.21,	'2021-10-19 14:32:35',	'2021-10-19 14:32:35'),
(18,	'Djfqwv',	2065.17,	'2021-10-19 14:32:35',	'2021-10-19 14:32:35'),
(19,	'Pgyqic',	565.29,	'2021-10-19 14:32:35',	'2021-10-19 14:32:35'),
(20,	'Mboehp',	935.90,	'2021-10-19 14:32:35',	'2021-10-19 14:32:35'),
(21,	'Juktby',	1973.98,	'2021-10-19 14:32:35',	'2021-10-19 14:32:35'),
(22,	'Pavvgj',	1370.04,	'2021-10-19 14:32:35',	'2021-10-19 14:32:35'),
(23,	'Lokhwa',	264.30,	'2021-10-19 14:32:35',	'2021-10-19 14:32:35'),
(24,	'Tvmmwf',	509.97,	'2021-10-19 14:32:35',	'2021-10-19 14:32:35'),
(25,	'Fahvqz',	489.81,	'2021-10-19 14:32:35',	'2021-10-19 14:32:35'),
(26,	'Ygeqju',	391.65,	'2021-10-19 14:32:35',	'2021-10-19 14:32:35'),
(27,	'Dhjjkv',	1604.48,	'2021-10-19 14:32:35',	'2021-10-19 14:32:35'),
(28,	'Xeitvi',	1244.42,	'2021-10-19 14:32:35',	'2021-10-19 14:32:35'),
(29,	'Uukkcq',	692.07,	'2021-10-19 14:32:35',	'2021-10-19 14:32:35'),
(30,	'Runmam',	1886.82,	'2021-10-19 14:32:35',	'2021-10-19 14:32:35'),
(31,	'Geyqvn',	402.95,	'2021-10-19 14:32:35',	'2021-10-19 14:32:35'),
(32,	'Oxdokx',	1970.46,	'2021-10-19 14:32:35',	'2021-10-19 14:32:35'),
(33,	'Zckwpq',	2183.70,	'2021-10-19 14:32:35',	'2021-10-19 14:32:35'),
(34,	'Fvwmwp',	1645.46,	'2021-10-19 14:32:35',	'2021-10-19 14:32:35'),
(35,	'Yiagik',	1142.44,	'2021-10-19 14:32:35',	'2021-10-19 14:32:35'),
(36,	'Zpqprq',	525.80,	'2021-10-19 14:32:35',	'2021-10-19 14:32:35'),
(37,	'Dbbgzj',	325.74,	'2021-10-19 14:32:35',	'2021-10-19 14:32:35'),
(38,	'Fpidyo',	1197.33,	'2021-10-19 14:32:35',	'2021-10-19 14:32:35'),
(39,	'Pbucbm',	3556.90,	'2021-10-19 14:32:35',	'2021-10-19 14:32:35'),
(40,	'Xxcarp',	127.77,	'2021-10-19 14:32:35',	'2021-10-19 14:32:35'),
(41,	'Nwlamq',	266.88,	'2021-10-19 14:32:35',	'2021-10-19 14:32:35'),
(42,	'Vifqsq',	1927.68,	'2021-10-19 14:32:35',	'2021-10-19 14:32:35'),
(43,	'Haaoft',	2128.65,	'2021-10-19 14:32:35',	'2021-10-19 14:32:35'),
(44,	'Fmkuwm',	3850.32,	'2021-10-19 14:32:35',	'2021-10-19 14:32:35'),
(45,	'Kfzmdd',	2280.87,	'2021-10-19 14:32:35',	'2021-10-19 14:32:35'),
(46,	'Xysvvl',	1597.32,	'2021-10-19 14:32:35',	'2021-10-19 14:32:35'),
(47,	'Liqizh',	2167.92,	'2021-10-19 14:32:35',	'2021-10-19 14:32:35'),
(48,	'Gnydpm',	2783.94,	'2021-10-19 14:32:36',	'2021-10-19 14:32:36'),
(49,	'Dctzyk',	823.86,	'2021-10-19 14:32:36',	'2021-10-19 14:32:36'),
(50,	'Zsduxn',	928.18,	'2021-10-19 14:32:36',	'2021-10-19 14:32:36'),
(51,	'Goyilf',	3073.84,	'2021-10-19 14:32:36',	'2021-10-19 14:32:36'),
(52,	'Uhibff',	4178.75,	'2021-10-19 14:32:36',	'2021-10-19 14:32:36'),
(53,	'Mzfyzk',	352.67,	'2021-10-19 14:32:36',	'2021-10-19 14:32:36'),
(54,	'Uylcys',	420.08,	'2021-10-19 14:32:36',	'2021-10-19 14:32:36'),
(55,	'Qgyrgb',	3961.85,	'2021-10-19 14:32:36',	'2021-10-19 14:32:36'),
(56,	'Ndyznd',	592.24,	'2021-10-19 14:32:36',	'2021-10-19 14:32:36'),
(57,	'Ptjryt',	1277.00,	'2021-10-19 14:32:36',	'2021-10-19 14:32:36'),
(58,	'Qaugka',	2036.20,	'2021-10-19 14:32:36',	'2021-10-19 14:32:36'),
(59,	'Yyjpve',	1038.70,	'2021-10-19 14:32:36',	'2021-10-19 14:32:36'),
(60,	'Zkeetp',	3338.40,	'2021-10-19 14:32:36',	'2021-10-19 14:32:36'),
(61,	'Harntu',	1791.04,	'2021-10-19 14:32:36',	'2021-10-19 14:32:36'),
(62,	'Bzrkqj',	933.85,	'2021-10-19 14:32:36',	'2021-10-19 14:32:36'),
(63,	'Gcdgom',	1699.68,	'2021-10-19 14:32:36',	'2021-10-19 14:32:36'),
(64,	'Yppqxp',	1212.56,	'2021-10-19 14:32:36',	'2021-10-19 14:32:36'),
(65,	'Qcvhaj',	3691.45,	'2021-10-19 14:32:36',	'2021-10-19 14:32:36'),
(66,	'Wbwyep',	1028.72,	'2021-10-19 14:32:36',	'2021-10-19 14:32:36'),
(67,	'Qlcmbt',	2177.91,	'2021-10-19 14:32:36',	'2021-10-19 14:32:36'),
(68,	'Cidegb',	207.62,	'2021-10-19 14:32:36',	'2021-10-19 14:32:36'),
(69,	'Yetyqp',	4864.90,	'2021-10-19 14:32:36',	'2021-10-19 14:32:36'),
(70,	'Ynzvlb',	257.95,	'2021-10-19 14:32:36',	'2021-10-19 14:32:36'),
(71,	'Icmztz',	2639.15,	'2021-10-19 14:32:36',	'2021-10-19 14:32:36'),
(72,	'Mirrgr',	4205.40,	'2021-10-19 14:32:36',	'2021-10-19 14:32:36'),
(73,	'Yjffnt',	1686.86,	'2021-10-19 14:32:36',	'2021-10-19 14:32:36'),
(74,	'Zrdsub',	829.25,	'2021-10-19 14:32:36',	'2021-10-19 14:32:36'),
(75,	'Xmzjuq',	97.24,	'2021-10-19 14:32:36',	'2021-10-19 14:32:36'),
(76,	'Grsbnt',	351.62,	'2021-10-19 14:32:36',	'2021-10-19 14:32:36'),
(77,	'Hvnjwt',	279.10,	'2021-10-19 14:32:36',	'2021-10-19 14:32:36'),
(78,	'Hdqbgp',	409.60,	'2021-10-19 14:32:36',	'2021-10-19 14:32:36'),
(79,	'Nnpuzr',	956.05,	'2021-10-19 14:32:36',	'2021-10-19 14:32:36'),
(80,	'Rwtnsq',	378.51,	'2021-10-19 14:32:36',	'2021-10-19 14:32:36'),
(81,	'Lcdbps',	2570.22,	'2021-10-19 14:32:36',	'2021-10-19 14:32:36'),
(82,	'Wnyhul',	1265.62,	'2021-10-19 14:32:36',	'2021-10-19 14:32:36'),
(83,	'Czynxf',	2956.76,	'2021-10-19 14:32:36',	'2021-10-19 14:32:36'),
(84,	'Mhpdwg',	1733.55,	'2021-10-19 14:32:36',	'2021-10-19 14:32:36'),
(85,	'Gbnwgl',	149.00,	'2021-10-19 14:32:36',	'2021-10-19 14:32:36'),
(86,	'Oirrlh',	522.49,	'2021-10-19 14:32:36',	'2021-10-19 14:32:36'),
(87,	'Sajksz',	3760.48,	'2021-10-19 14:32:36',	'2021-10-19 14:32:36'),
(88,	'Xhccpl',	1233.28,	'2021-10-19 14:32:36',	'2021-10-19 14:32:36'),
(89,	'Lxqdzr',	800.43,	'2021-10-19 14:32:36',	'2021-10-19 14:32:36'),
(90,	'Kasdpa',	24.92,	'2021-10-19 14:32:36',	'2021-10-19 14:32:36'),
(91,	'Eyiuwn',	259.70,	'2021-10-19 14:32:36',	'2021-10-19 14:32:36'),
(92,	'Fkcntt',	525.50,	'2021-10-19 14:32:36',	'2021-10-19 14:32:36'),
(93,	'Hlwehp',	2163.69,	'2021-10-19 14:32:36',	'2021-10-19 14:32:36'),
(94,	'Cipxzl',	4164.30,	'2021-10-19 14:32:36',	'2021-10-19 14:32:36'),
(95,	'Wrzvmd',	3246.20,	'2021-10-19 14:32:36',	'2021-10-19 14:32:36'),
(96,	'Fsqmzr',	2712.68,	'2021-10-19 14:32:36',	'2021-10-19 14:32:36'),
(97,	'Gpnmzn',	2706.24,	'2021-10-19 14:32:36',	'2021-10-19 14:32:36'),
(98,	'Qrvzkk',	3432.64,	'2021-10-19 14:32:36',	'2021-10-19 14:32:36'),
(99,	'Rotzuu',	484.53,	'2021-10-19 14:32:37',	'2021-10-19 14:32:37'),
(100,	'Lhjpsg',	990.48,	'2021-10-19 14:32:37',	'2021-10-19 14:32:37');

DROP TABLE IF EXISTS `migrations`;
CREATE TABLE `migrations` (
  `id` int unsigned NOT NULL AUTO_INCREMENT,
  `migration` varchar(255) COLLATE utf8mb4_unicode_ci NOT NULL,
  `batch` int NOT NULL,
  PRIMARY KEY (`id`)
) ENGINE=InnoDB DEFAULT CHARSET=utf8mb4 COLLATE=utf8mb4_unicode_ci;

INSERT INTO `migrations` (`id`, `migration`, `batch`) VALUES
(1,	'2014_10_12_000000_create_users_table',	1),
(2,	'2014_10_12_100000_create_password_resets_table',	1),
(3,	'2019_08_19_000000_create_failed_jobs_table',	1),
(4,	'2019_12_14_000001_create_personal_access_tokens_table',	1),
(5,	'2021_10_19_080306_create_clients_table',	1),
(6,	'2021_10_19_080316_create_materiels_table',	1),
(7,	'2021_10_19_080341_create_liens_table',	1);

DROP TABLE IF EXISTS `password_resets`;
CREATE TABLE `password_resets` (
  `email` varchar(255) COLLATE utf8mb4_unicode_ci NOT NULL,
  `token` varchar(255) COLLATE utf8mb4_unicode_ci NOT NULL,
  `created_at` timestamp NULL DEFAULT NULL,
  KEY `password_resets_email_index` (`email`)
) ENGINE=InnoDB DEFAULT CHARSET=utf8mb4 COLLATE=utf8mb4_unicode_ci;


DROP TABLE IF EXISTS `personal_access_tokens`;
CREATE TABLE `personal_access_tokens` (
  `id` bigint unsigned NOT NULL AUTO_INCREMENT,
  `tokenable_type` varchar(255) COLLATE utf8mb4_unicode_ci NOT NULL,
  `tokenable_id` bigint unsigned NOT NULL,
  `name` varchar(255) COLLATE utf8mb4_unicode_ci NOT NULL,
  `token` varchar(64) COLLATE utf8mb4_unicode_ci NOT NULL,
  `abilities` text COLLATE utf8mb4_unicode_ci,
  `last_used_at` timestamp NULL DEFAULT NULL,
  `created_at` timestamp NULL DEFAULT NULL,
  `updated_at` timestamp NULL DEFAULT NULL,
  PRIMARY KEY (`id`),
  UNIQUE KEY `personal_access_tokens_token_unique` (`token`),
  KEY `personal_access_tokens_tokenable_type_tokenable_id_index` (`tokenable_type`,`tokenable_id`)
) ENGINE=InnoDB DEFAULT CHARSET=utf8mb4 COLLATE=utf8mb4_unicode_ci;


DROP TABLE IF EXISTS `users`;
CREATE TABLE `users` (
  `id` bigint unsigned NOT NULL AUTO_INCREMENT,
  `name` varchar(255) COLLATE utf8mb4_unicode_ci NOT NULL,
  `email` varchar(255) COLLATE utf8mb4_unicode_ci NOT NULL,
  `email_verified_at` timestamp NULL DEFAULT NULL,
  `password` varchar(255) COLLATE utf8mb4_unicode_ci NOT NULL,
  `remember_token` varchar(100) COLLATE utf8mb4_unicode_ci DEFAULT NULL,
  `created_at` timestamp NULL DEFAULT NULL,
  `updated_at` timestamp NULL DEFAULT NULL,
  PRIMARY KEY (`id`),
  UNIQUE KEY `users_email_unique` (`email`)
) ENGINE=InnoDB DEFAULT CHARSET=utf8mb4 COLLATE=utf8mb4_unicode_ci;


-- 2021-10-19 14:34:52
